{
  "dependencies": {
    "particles": [],
    "models": [],
    "skeletons": [],
    "animations": [],
    "textures": [],
    "physics": [],
    "json": [],
    "variantdata": [],
    "objecteffects": [],
    "other": []
  },
  "type": "Prefab",
  "name": "pf_cnavi_monster",
  "entities": [
    {
      "type": "Entity",
      "name": "porory_beacon_q1",
      "id": 586091859,
      "components": [
        {
          "type": "TransformDefinitionComponent",
          "name": "porory_beacon_q1_TransformDefinitionComponent",
          "position": { "x": -75.0, "y": 0.0, "z": -75.0 },
          "orientation": { "x": 0.0, "y": 0.7071068, "z": 0.0, "w": 0.7071068 },
          "scale": { "x": 150.0, "y": 1.0, "z": 150.0 },
          "inheritOnlyPosition": false
        },
        {
          "type": "DecalDefinitionComponent",
          "name": "porory_beacon_q1_DecalDefinitionComponent",
          "diffuseMap": "data/hd/env/porory/beacon/texture/beacon_c02_s05_o75.texture",
          "normalMap": "",
          "ormMap": "",
          "edgeFade": 0.0,
          "heightFade": 0.0,
          "weight": 1.0,
          "applyToAlbedo": true,
          "applyToNormal": false,
          "applyToOcclusion": false,
          "applyToRoughness": false,
          "applyToMetalness": false,
          "thresholdValue": 0.0,
          "thresholdHardness": 1.0,
          "emissiveIntensity": 1.0,
          "emissiveFocus": 1.0,
          "lightMask": 16
        }
      ]
    },
    {
      "type": "Entity",
      "name": "porory_beacon_q2",
      "id": 586091859,
      "components": [
        {
          "type": "TransformDefinitionComponent",
          "name": "porory_beacon_q2_TransformDefinitionComponent",
          "position": { "x": 75.0, "y": 0.0, "z": -75.0 },
          "orientation": { "x": 0.0, "y": 0.0, "z": 0.0, "w": 1.0 },
          "scale": { "x": 150.0, "y": 1.0, "z": 150.0 },
          "inheritOnlyPosition": false
        },
        {
          "type": "DecalDefinitionComponent",
          "name": "porory_beacon_q2_DecalDefinitionComponent",
          "diffuseMap": "data/hd/env/porory/beacon/texture/beacon_c02_s05_o75.texture",
          "normalMap": "",
          "ormMap": "",
          "edgeFade": 0.0,
          "heightFade": 0.0,
          "weight": 1.0,
          "applyToAlbedo": true,
          "applyToNormal": false,
          "applyToOcclusion": false,
          "applyToRoughness": false,
          "applyToMetalness": false,
          "thresholdValue": 0.0,
          "thresholdHardness": 1.0,
          "emissiveIntensity": 1.0,
          "emissiveFocus": 1.0,
          "lightMask": 16
        }
      ]
    },
    {
      "type": "Entity",
      "name": "porory_beacon_q3",
      "id": 586091859,
      "components": [
        {
          "type": "TransformDefinitionComponent",
          "name": "porory_beacon_q3_TransformDefinitionComponent",
          "position": { "x": 75.0, "y": 0.0, "z": 75.0 },
          "orientation": { "x": 0.0, "y": 0.7071068, "z": 0.0, "w": -0.7071068 },
          "scale": { "x": 150.0, "y": 1.0, "z": 150.0 },
          "inheritOnlyPosition": false
        },
        {
          "type": "DecalDefinitionComponent",
          "name": "porory_beacon_q3_DecalDefinitionComponent",
          "diffuseMap": "data/hd/env/porory/beacon/texture/beacon_c02_s05_o75.texture",
          "normalMap": "",
          "ormMap": "",
          "edgeFade": 0.0,
          "heightFade": 0.0,
          "weight": 1.0,
          "applyToAlbedo": true,
          "applyToNormal": false,
          "applyToOcclusion": false,
          "applyToRoughness": false,
          "applyToMetalness": false,
          "thresholdValue": 0.0,
          "thresholdHardness": 1.0,
          "emissiveIntensity": 1.0,
          "emissiveFocus": 1.0,
          "lightMask": 16
        }
      ]
    },
    {
      "type": "Entity",
      "name": "porory_beacon_q4",
      "id": 586091859,
      "components": [
        {
          "type": "TransformDefinitionComponent",
          "name": "porory_beacon_q4_TransformDefinitionComponent",
          "position": { "x": -75.0, "y": 0.0, "z": 75.0 },
          "orientation": { "x": 0.0, "y": 1.0, "z": 0.0, "w": 0.0 },
          "scale": { "x": 150.0, "y": 1.0, "z": 150.0 },
          "inheritOnlyPosition": false
        },
        {
          "type": "DecalDefinitionComponent",
          "name": "porory_beacon_q4_DecalDefinitionComponent",
          "diffuseMap": "data/hd/env/porory/beacon/texture/beacon_c02_s05_o75.texture",
          "normalMap": "",
          "ormMap": "",
          "edgeFade": 0.0,
          "heightFade": 0.0,
          "weight": 1.0,
          "applyToAlbedo": true,
          "applyToNormal": false,
          "applyToOcclusion": false,
          "applyToRoughness": false,
          "applyToMetalness": false,
          "thresholdValue": 0.0,
          "thresholdHardness": 1.0,
          "emissiveIntensity": 1.0,
          "emissiveFocus": 1.0,
          "lightMask": 16
        }
      ]
    }
  ]
}
