{
  "dependencies":
  {
    "particles":
    [
    ],
    "models":
    [
      {
        "path": "data/hd/character/enemy/bloodlord1/head_hev.model"
      },
      {
        "path": "data/hd/character/enemy/bloodlord1/head_lit.model"
      },
      {
        "path": "data/hd/character/enemy/bloodlord1/larm_hev.model"
      },
      {
        "path": "data/hd/character/enemy/bloodlord1/larm_lit.model"
      },
      {
        "path": "data/hd/character/enemy/bloodlord1/legs_hev.model"
      },
      {
        "path": "data/hd/character/enemy/bloodlord1/legs_lit.model"
      },
      {
        "path": "data/hd/character/enemy/bloodlord1/lhand_axe.model"
      },
      {
        "path": "data/hd/character/enemy/bloodlord1/lhand_fla.model"
      },
      {
        "path": "data/hd/character/enemy/bloodlord1/rarm_hev.model"
      },
      {
        "path": "data/hd/character/enemy/bloodlord1/rarm_lit.model"
      },
      {
        "path": "data/hd/character/enemy/bloodlord1/rhand_axe.model"
      },
      {
        "path": "data/hd/character/enemy/bloodlord1/rhand_fla.model"
      },
      {
        "path": "data/hd/character/enemy/bloodlord1/special1_hev.model"
      },
      {
        "path": "data/hd/character/enemy/bloodlord1/special1_lit.model"
      },
      {
        "path": "data/hd/character/enemy/bloodlord1/special2_hev.model"
      },
      {
        "path": "data/hd/character/enemy/bloodlord1/special2_lit.model"
      },
      {
        "path": "data/hd/character/enemy/bloodlord1/torso.model"
      }
    ],
    "skeletons":
    [
      {
        "path": "data/hd/character/enemy/bloodlord1/skeleton/bloodlord1.skeleton"
      }
    ],
    "animations":
    [
    ],
    "textures":
    [
      {
        "path": "data/hd/character/enemy/bloodlord1/textures/bloodlord_armor_alb.texture"
      },
      {
        "path": "data/hd/character/enemy/bloodlord1/textures/bloodlord_armor_KTINT.texture"
      },
      {
        "path": "data/hd/character/enemy/bloodlord1/textures/bloodlord_armor_lit_alb.texture"
      },
      {
        "path": "data/hd/character/enemy/bloodlord1/textures/bloodlord_armor_lit_KTINT.texture"
      },
      {
        "path": "data/hd/character/enemy/bloodlord1/textures/bloodlord_armor_lit_nrm.texture"
      },
      {
        "path": "data/hd/character/enemy/bloodlord1/textures/bloodlord_armor_lit_orm.texture"
      },
      {
        "path": "data/hd/character/enemy/bloodlord1/textures/bloodlord_armor_nrm.texture"
      },
      {
        "path": "data/hd/character/enemy/bloodlord1/textures/bloodlord_armor_orm.texture"
      },
      {
        "path": "data/hd/character/enemy/bloodlord1/textures/bloodlord_body_alb.texture"
      },
      {
        "path": "data/hd/character/enemy/bloodlord1/textures/bloodlord_body_KTINT.texture"
      },
      {
        "path": "data/hd/character/enemy/bloodlord1/textures/bloodlord_body_nrm.texture"
      },
      {
        "path": "data/hd/character/enemy/bloodlord1/textures/bloodlord_body_orm.texture"
      },
      {
        "path": "data/hd/character/enemy/bloodlord1/textures/bloodlord_body_SSS.texture"
      },
      {
        "path": "data/hd/character/enemy/bloodlord1/textures/bloodlord_fur_ALB.texture"
      },
      {
        "path": "data/hd/character/enemy/bloodlord1/textures/bloodlord_fur_KTINT.texture"
      },
      {
        "path": "data/hd/character/enemy/goatman1/textures/goatman_fur_FLOW.texture"
      },
      {
        "path": "data/hd/character/enemy/goatman1/textures/goatman_fur_HRT.texture"
      }
    ],
    "physics":
    [
    ],
    "json":
    [
      {
        "path": "data/hd/character/enemy/bloodlord1/bloodlord1_state_machine.json"
      },
      {
        "path": "data/hd/items/weapon/axe/_monsters/blood_lord_dbl_axe.json"
      },
      {
        "path": "data/hd/items/weapon/mace/flail.json"
      },
      {
        "path": "data/hd/items/weapon/mace/flail/flail_bloodlord1_lh_statemachine.json"
      },
      {
        "path": "data/hd/items/weapon/mace/flail/flail_bloodlord1_rh_statemachine.json"
      },
      {
        "path": "data/hd/overlays/monster/monfrenzy.json"
      }
    ],
    "variantdata":
    [
      {
        "path": "data/hd/character/enemy/bloodlord1/bloodlord1_variant.json"
      }
    ],
    "objecteffects":
    [
    ],
    "other":
    [
    ]
  },
  "type": "UnitDefinition",
  "name": "bloodlord1",
  "entities":
  [
    {
      "type": "Entity",
      "name": "entity_root",
      "id": 1502221704,
      "components":
      [
        {
          "type": "UnitRootComponent",
          "name": "component_root",
          "state_machine_filename": "data/hd/character/enemy/bloodlord1/bloodlord1_state_machine.json",
          "doNotInheritRotation": false,
          "rotationOverride":
          {
            "x": 0.0,
            "y": 0.3826834,
            "z": 0.0,
            "w": 0.9238795
          },
          "doNotUseHDHeight": false,
          "hideAllMeshWhenInOpenedMode": false,
          "onCreateEventName": "",
          "animations":
          [
          ]
        },
        {
          "type": "SkeletonDefinitionComponent",
          "name": "component_skeleton",
          "filename": "data/hd/character/enemy/bloodlord1/skeleton/bloodlord1.skeleton"
        },
        {
          "type": "VariantDefinitionComponent",
          "name": "component_variant",
          "filename": "data/hd/character/enemy/bloodlord1/bloodlord1_variant.json"
        },
        {
          "type": "DefinitionPreloadComponent",
          "name": "Root_DefinitionPreloadComponent",
          "missiles":
          [
          ],
          "overlays":
          [
            {
              "type": "OverlayDefinitionListEntry",
              "name": "Root_OverlayDefinitionList_Entry1",
              "filename": "data/hd/overlays/monster/monfrenzy.json"
            }
          ],
          "minions":
          [
          ]
        },
        {
          "type": "IKComponent",
          "name": "entity_root_IK",
          "preset":
          {
            "type": "IKPreset",
            "name": "Outsource_Quad_Biped_B",
            "footIKSetup":
            [
              {
                "type": "FootIKSetup",
                "name": "Outsource_Quad_Biped_B_footIKSetup_0",
                "footBoneName": "L_leg_04_bind_jnt",
                "kneeBoneName": "L_leg_02_bind_jnt",
                "hipBoneName": "L_leg_01_bind_jnt",
                "locationTrackName": "L_IK_Position",
                "enabledTrackName": "L_FKIK",
                "hyperExtensionStart": 0.0,
                "hyperExtensionScale": 1.0,
                "defaultEnabled": true,
                "kneeRotationAxis": 0,
                "flipKneeRotationAxis": false
              },
              {
                "type": "FootIKSetup",
                "name": "Outsource_Quad_Biped_B_footIKSetup_1",
                "footBoneName": "R_leg_04_bind_jnt",
                "kneeBoneName": "R_leg_02_bind_jnt",
                "hipBoneName": "R_leg_01_bind_jnt",
                "locationTrackName": "R_IK_Position",
                "enabledTrackName": "R_FKIK",
                "hyperExtensionStart": 0.0,
                "hyperExtensionScale": 1.0,
                "defaultEnabled": true,
                "kneeRotationAxis": 0,
                "flipKneeRotationAxis": false
              }
            ]
          }
        },
        {
          "type": "TransformDefinitionComponent",
          "name": "entity_root_TransformDefinition",
          "position":
          {
            "x": 0.0,
            "y": 0.0,
            "z": 0.0
          },
          "orientation":
          {
            "x": 0.0,
            "y": 0.0,
            "z": 0.0,
            "w": 1.0
          },
          "scale":
          {
            "x": 1.05,
            "y": 1.05,
            "z": 1.05
          },
          "inheritOnlyPosition": false
        }
      ]
    },
    {
      "type": "Entity",
      "name": "entity_torso",
      "id": 888313547,
      "components":
      [
        {
          "type": "UnitPartComponent",
          "name": "component_part_torso",
          "part": "torso",
          "variant": "lit"
        },
        {
          "type": "ModelDefinitionComponent",
          "name": "component_model_torso",
          "filename": "data/hd/character/enemy/bloodlord1/torso.model",
          "visibleLayers": 1,
          "lightMask": 19,
          "shadowMask": 3,
          "ghostShadows": false,
          "floorModel": false,
          "terrainBlendEnableYUpBlend": false,
          "terrainBlendMode": 1
        }
      ]
    },
    {
      "type": "Entity",
      "name": "entity_head_lit",
      "id": 2132907077,
      "components":
      [
        {
          "type": "UnitPartComponent",
          "name": "component_part_head_lit",
          "part": "head",
          "variant": "lit"
        },
        {
          "type": "ModelDefinitionComponent",
          "name": "component_model_head_lit",
          "filename": "data/hd/character/enemy/bloodlord1/head_lit.model",
          "visibleLayers": 1,
          "lightMask": 19,
          "shadowMask": 3,
          "ghostShadows": false,
          "floorModel": false,
          "terrainBlendEnableYUpBlend": false,
          "terrainBlendMode": 1
        }
      ]
    },
    {
      "type": "Entity",
      "name": "entity_head_hev",
      "id": 1260806029,
      "components":
      [
        {
          "type": "UnitPartComponent",
          "name": "component_part_head_hev",
          "part": "head",
          "variant": "hev"
        },
        {
          "type": "ModelDefinitionComponent",
          "name": "component_model_head_hev",
          "filename": "data/hd/character/enemy/bloodlord1/head_hev.model",
          "visibleLayers": 1,
          "lightMask": 19,
          "shadowMask": 3,
          "ghostShadows": false,
          "floorModel": false,
          "terrainBlendEnableYUpBlend": false,
          "terrainBlendMode": 1
        }
      ]
    },
    {
      "type": "Entity",
      "name": "entity_rhand_axe",
      "id": 114519875,
      "components":
      [
        {
          "type": "UnitPartComponent",
          "name": "component_part_rhand_axe",
          "part": "rhand",
          "variant": "axe"
        },
        {
          "type": "ModelDefinitionComponent",
          "name": "component_model_rhand_axe",
          "filename": "data/hd/character/enemy/bloodlord1/rhand_axe.model",
          "visibleLayers": 1,
          "lightMask": 19,
          "shadowMask": 3,
          "ghostShadows": false,
          "floorModel": false,
          "terrainBlendEnableYUpBlend": false,
          "terrainBlendMode": 1
        },
        {
          "type": "UnitAttachmentComponent",
          "name": "entity_rhand_axe_UnitAttachment",
          "filename": "data/hd/items/weapon/axe/_monsters/blood_lord_dbl_axe.json",
          "overrideBoneName": "R_weapon_attach",
          "orientTowardBoneName": "",
          "attachmentTransform":
          {
            "type": "Transform",
            "name": "entity_rhand_axe_UnitAttachment_attachmentTransform",
            "translation":
            {
              "x": 0.0,
              "y": 0.0,
              "z": 0.0
            },
            "rotation":
            {
              "x": 0.0,
              "y": 0.0,
              "z": 0.0
            },
            "scale":
            {
              "x": 0.9,
              "y": 0.9,
              "z": 0.9
            }
          },
          "attachmentStateMachineFilename": "",
          "part": "rhand",
          "variant": "axe"
        }
      ]
    },
    {
      "type": "Entity",
      "name": "entity_rhand_fla",
      "id": 646963408,
      "components":
      [
        {
          "type": "UnitPartComponent",
          "name": "component_part_rhand_fla",
          "part": "rhand",
          "variant": "fla"
        },
        {
          "type": "ModelDefinitionComponent",
          "name": "component_model_rhand_fla",
          "filename": "data/hd/character/enemy/bloodlord1/rhand_fla.model",
          "visibleLayers": 1,
          "lightMask": 19,
          "shadowMask": 3,
          "ghostShadows": false,
          "floorModel": false,
          "terrainBlendEnableYUpBlend": false,
          "terrainBlendMode": 1
        },
        {
          "type": "UnitAttachmentComponent",
          "name": "entity_rhand_fla_UnitAttachment",
          "filename": "data/hd/items/weapon/mace/flail.json",
          "overrideBoneName": "R_weapon_attach",
          "orientTowardBoneName": "",
          "attachmentTransform":
          {
            "type": "Transform",
            "name": "entity_rhand_fla_UnitAttachment_attachmentTransform",
            "translation":
            {
              "x": 0.0,
              "y": 0.0,
              "z": 0.0
            },
            "rotation":
            {
              "x": 0.0,
              "y": 0.0,
              "z": 0.0
            },
            "scale":
            {
              "x": 2.0,
              "y": 2.0,
              "z": 2.0
            }
          },
          "attachmentStateMachineFilename": "data/hd/items/weapon/mace/flail/flail_bloodlord1_rh_statemachine.json",
          "part": "rhand",
          "variant": "fla"
        }
      ]
    },
    {
      "type": "Entity",
      "name": "entity_lhand_axe",
      "id": 2988231166,
      "components":
      [
        {
          "type": "UnitPartComponent",
          "name": "component_part_lhand_axe",
          "part": "lhand",
          "variant": "axe"
        },
        {
          "type": "ModelDefinitionComponent",
          "name": "component_model_lhand_axe",
          "filename": "data/hd/character/enemy/bloodlord1/lhand_axe.model",
          "visibleLayers": 1,
          "lightMask": 19,
          "shadowMask": 3,
          "ghostShadows": false,
          "floorModel": false,
          "terrainBlendEnableYUpBlend": false,
          "terrainBlendMode": 1
        },
        {
          "type": "UnitAttachmentComponent",
          "name": "entity_lhand_axe_UnitAttachment",
          "filename": "data/hd/items/weapon/axe/_monsters/blood_lord_dbl_axe.json",
          "overrideBoneName": "L_weapon_attach",
          "orientTowardBoneName": "",
          "attachmentTransform":
          {
            "type": "Transform",
            "name": "entity_lhand_axe_UnitAttachment_attachmentTransform",
            "translation":
            {
              "x": 0.0,
              "y": 0.0,
              "z": 0.0
            },
            "rotation":
            {
              "x": 0.0,
              "y": 0.0,
              "z": 0.0
            },
            "scale":
            {
              "x": 0.9,
              "y": 0.9,
              "z": 0.9
            }
          },
          "attachmentStateMachineFilename": "",
          "part": "lhand",
          "variant": "axe"
        }
      ]
    },
    {
      "type": "Entity",
      "name": "entity_lhand_fla",
      "id": 3537386123,
      "components":
      [
        {
          "type": "UnitPartComponent",
          "name": "component_part_lhand_fla",
          "part": "lhand",
          "variant": "fla"
        },
        {
          "type": "ModelDefinitionComponent",
          "name": "component_model_lhand_fla",
          "filename": "data/hd/character/enemy/bloodlord1/lhand_fla.model",
          "visibleLayers": 1,
          "lightMask": 19,
          "shadowMask": 3,
          "ghostShadows": false,
          "floorModel": false,
          "terrainBlendEnableYUpBlend": false,
          "terrainBlendMode": 1
        },
        {
          "type": "UnitAttachmentComponent",
          "name": "entity_lhand_fla_UnitAttachment",
          "filename": "data/hd/items/weapon/mace/flail.json",
          "overrideBoneName": "L_weapon_attach",
          "orientTowardBoneName": "",
          "attachmentTransform":
          {
            "type": "Transform",
            "name": "entity_lhand_fla_UnitAttachment_attachmentTransform",
            "translation":
            {
              "x": 0.0,
              "y": 0.0,
              "z": 0.0
            },
            "rotation":
            {
              "x": 0.0,
              "y": 0.0,
              "z": 0.0
            },
            "scale":
            {
              "x": 2.0,
              "y": 2.0,
              "z": 2.0
            }
          },
          "attachmentStateMachineFilename": "data/hd/items/weapon/mace/flail/flail_bloodlord1_lh_statemachine.json",
          "part": "lhand",
          "variant": "fla"
        }
      ]
    },
    {
      "type": "Entity",
      "name": "entity_special1_lit",
      "id": 2906700749,
      "components":
      [
        {
          "type": "UnitPartComponent",
          "name": "component_part_special1_lit",
          "part": "special1",
          "variant": "lit"
        },
        {
          "type": "ModelDefinitionComponent",
          "name": "component_model_special1_lit",
          "filename": "data/hd/character/enemy/bloodlord1/special1_lit.model",
          "visibleLayers": 1,
          "lightMask": 19,
          "shadowMask": 3,
          "ghostShadows": false,
          "floorModel": false,
          "terrainBlendEnableYUpBlend": false,
          "terrainBlendMode": 1
        }
      ]
    },
    {
      "type": "Entity",
      "name": "entity_special1_hev",
      "id": 2374322753,
      "components":
      [
        {
          "type": "UnitPartComponent",
          "name": "component_part_special1_hev",
          "part": "special1",
          "variant": "hev"
        },
        {
          "type": "ModelDefinitionComponent",
          "name": "component_model_special1_hev",
          "filename": "data/hd/character/enemy/bloodlord1/special1_hev.model",
          "visibleLayers": 1,
          "lightMask": 19,
          "shadowMask": 3,
          "ghostShadows": false,
          "floorModel": false,
          "terrainBlendEnableYUpBlend": false,
          "terrainBlendMode": 1
        }
      ]
    },
    {
      "type": "Entity",
      "name": "entity_special2_lit",
      "id": 339158334,
      "components":
      [
        {
          "type": "UnitPartComponent",
          "name": "component_part_special2_lit",
          "part": "special2",
          "variant": "lit"
        },
        {
          "type": "ModelDefinitionComponent",
          "name": "component_model_special2_lit",
          "filename": "data/hd/character/enemy/bloodlord1/special2_lit.model",
          "visibleLayers": 1,
          "lightMask": 19,
          "shadowMask": 3,
          "ghostShadows": false,
          "floorModel": false,
          "terrainBlendEnableYUpBlend": false,
          "terrainBlendMode": 1
        }
      ]
    },
    {
      "type": "Entity",
      "name": "entity_special2_hev",
      "id": 3762090118,
      "components":
      [
        {
          "type": "UnitPartComponent",
          "name": "component_part_special2_hev",
          "part": "special2",
          "variant": "hev"
        },
        {
          "type": "ModelDefinitionComponent",
          "name": "component_model_special2_hev",
          "filename": "data/hd/character/enemy/bloodlord1/special2_hev.model",
          "visibleLayers": 1,
          "lightMask": 19,
          "shadowMask": 3,
          "ghostShadows": false,
          "floorModel": false,
          "terrainBlendEnableYUpBlend": false,
          "terrainBlendMode": 1
        }
      ]
    },
    {
      "type": "Entity",
      "name": "entity_larm_lit",
      "id": 3048793094,
      "components":
      [
        {
          "type": "ModelDefinitionComponent",
          "name": "entity_larm_lit_ModelDefinition",
          "filename": "data/hd/character/enemy/bloodlord1/larm_lit.model",
          "visibleLayers": 1,
          "lightMask": 19,
          "shadowMask": 3,
          "ghostShadows": false,
          "floorModel": false,
          "terrainBlendEnableYUpBlend": false,
          "terrainBlendMode": 1
        },
        {
          "type": "UnitPartComponent",
          "name": "entity_larm_lit_UnitPart",
          "part": "larm",
          "variant": "lit"
        }
      ]
    },
    {
      "type": "Entity",
      "name": "entity_larm_hev",
      "id": 4010416858,
      "components":
      [
        {
          "type": "ModelDefinitionComponent",
          "name": "entity_larm_hev_ModelDefinition",
          "filename": "data/hd/character/enemy/bloodlord1/larm_hev.model",
          "visibleLayers": 1,
          "lightMask": 19,
          "shadowMask": 3,
          "ghostShadows": false,
          "floorModel": false,
          "terrainBlendEnableYUpBlend": false,
          "terrainBlendMode": 1
        },
        {
          "type": "UnitPartComponent",
          "name": "entity_larm_hev_UnitPart",
          "part": "larm",
          "variant": "hev"
        }
      ]
    },
    {
      "type": "Entity",
      "name": "entity_rarm_lit",
      "id": 1658984043,
      "components":
      [
        {
          "type": "ModelDefinitionComponent",
          "name": "entity_rarm_lit_ModelDefinition",
          "filename": "data/hd/character/enemy/bloodlord1/rarm_lit.model",
          "visibleLayers": 1,
          "lightMask": 19,
          "shadowMask": 3,
          "ghostShadows": false,
          "floorModel": false,
          "terrainBlendEnableYUpBlend": false,
          "terrainBlendMode": 1
        },
        {
          "type": "UnitPartComponent",
          "name": "entity_rarm_lit_UnitPart",
          "part": "rarm",
          "variant": "lit"
        }
      ]
    },
    {
      "type": "Entity",
      "name": "entity_rarm_hev",
      "id": 3386711298,
      "components":
      [
        {
          "type": "ModelDefinitionComponent",
          "name": "entity_rarm_hev_ModelDefinition",
          "filename": "data/hd/character/enemy/bloodlord1/rarm_hev.model",
          "visibleLayers": 1,
          "lightMask": 19,
          "shadowMask": 3,
          "ghostShadows": false,
          "floorModel": false,
          "terrainBlendEnableYUpBlend": false,
          "terrainBlendMode": 1
        },
        {
          "type": "UnitPartComponent",
          "name": "entity_rarm_hev_UnitPart",
          "part": "rarm",
          "variant": "hev"
        }
      ]
    },
    {
      "type": "Entity",
      "name": "entity_legs_lit",
      "id": 4095378601,
      "components":
      [
        {
          "type": "ModelDefinitionComponent",
          "name": "entity_legs_lit_ModelDefinition",
          "filename": "data/hd/character/enemy/bloodlord1/legs_lit.model",
          "visibleLayers": 1,
          "lightMask": 19,
          "shadowMask": 3,
          "ghostShadows": false,
          "floorModel": false,
          "terrainBlendEnableYUpBlend": false,
          "terrainBlendMode": 1
        },
        {
          "type": "UnitPartComponent",
          "name": "entity_legs_lit_UnitPart",
          "part": "legs",
          "variant": "lit"
        }
      ]
    },
    {
      "type": "Entity",
      "name": "entity_legs_hev",
      "id": 1306206950,
      "components":
      [
        {
          "type": "ModelDefinitionComponent",
          "name": "entity_legs_hev_ModelDefinition",
          "filename": "data/hd/character/enemy/bloodlord1/legs_hev.model",
          "visibleLayers": 1,
          "lightMask": 19,
          "shadowMask": 3,
          "ghostShadows": false,
          "floorModel": false,
          "terrainBlendEnableYUpBlend": false,
          "terrainBlendMode": 1
        },
        {
          "type": "UnitPartComponent",
          "name": "entity_legs_hev_UnitPart",
          "part": "legs",
          "variant": "hev"
        }
      ]
    },
    { //头上显示感叹号
      "type": "Entity",
      "name": "vfx",
      "id": 2238451436,
      "components":
      [
        {
          "type": "VfxDefinitionComponent",
          "name": "vfx_VfxDefinition",
          "filename": "data/hd/vfx/particles/overlays/npcs/FX_npcalert.particles",
          "hardKillOnDestroy": false
        },
        {
          "type": "TransformDefinitionComponent",
          "name": "vfx_TransformDefinition",
          "position":
          {
            "x": 0.0,
            "y": 8.5,
            "z": 0.0
          },
          "orientation":
          {
            "x": 0.0,
            "y": 0.0,
            "z": 0.0,
            "w": 1.0
          },
          "scale":
          {
            "x": 1.0,
            "y": 1.0,
            "z": 1.0
          },
          "inheritOnlyPosition": false
        }
      ]
    }
  ]
}