{
  "dependencies":
  {
    "particles":
    [
    ],
    "models":
    [
      {
        "path": "data/hd/character/enemy/nihlathakboss/torso.model"
      }
    ],
    "skeletons":
    [
      {
        "path": "data/hd/character/enemy/nihlathakboss/skeleton/nihlathakboss.skeleton"
      }
    ],
    "animations":
    [
    ],
    "textures":
    [
      {
        "path": "data/hd/character/common/common_dirt_threshold.texture"
      },
      {
        "path": "data/hd/character/common/common_hair1_FLOW.texture"
      },
      {
        "path": "data/hd/character/common/common_hair1_HRT.texture"
      },
      {
        "path": "data/hd/character/common/common_ktint.texture"
      },
      {
        "path": "data/hd/character/npc/nihlathak/textures/nihlathak_armor_alb.texture"
      },
      {
        "path": "data/hd/character/npc/nihlathak/textures/nihlathak_armor_nrm.texture"
      },
      {
        "path": "data/hd/character/npc/nihlathak/textures/nihlathak_armor_orm.texture"
      },
      {
        "path": "data/hd/character/npc/nihlathak/textures/nihlathak_hair_ALB.texture"
      },
      {
        "path": "data/hd/character/npc/nihlathak/textures/nihlathak_head_alb.texture"
      },
      {
        "path": "data/hd/character/npc/nihlathak/textures/nihlathak_head_nrm.texture"
      },
      {
        "path": "data/hd/character/npc/nihlathak/textures/nihlathak_head_orm.texture"
      },
      {
        "path": "data/hd/character/npc/nihlathak/textures/nihlathak_head_SSS.texture"
      },
      {
        "path": "data/hd/vfx/meshes/character/enemy/nihlathak/textures/nihlathak_skeleton_basebody_alb.texture"
      },
      {
        "path": "data/hd/vfx/meshes/character/enemy/nihlathak/textures/nihlathak_skeleton_basebody_nrm.texture"
      },
      {
        "path": "data/hd/vfx/meshes/character/enemy/nihlathak/textures/nihlathak_skeleton_basebody_orm.texture"
      }
    ],
    "physics":
    [
    ],
    "json":
    [
      {
        "path": "data/hd/character/enemy/nihlathakboss/nihlathakboss_state_machine.json"
      },
      {
        "path": "data/hd/missiles/expansion_arctic_blast_ice.json"
      },
      {
        "path": "data/hd/overlays/common/spawnedminion.json"
      }
    ],
    "variantdata":
    [
      {
        "path": "data/hd/character/enemy/nihlathakboss/nihlathakboss_variant.json"
      }
    ],
    "objecteffects":
    [
    ],
    "other":
    [
    ]
  },
  "type": "UnitDefinition",
  "name": "nihlathakboss",
  "entities":
  [
    {
      "type": "Entity",
      "name": "entity_root",
      "id": 1071268492,
      "components":
      [
        //大小
        {
          "type": "TransformDefinitionComponent",
          "name": "entity_root_TransformDefinition",
          "position":
          {
            "x": 0.0,
            "y": 0.0,
            "z": 0.0
          },
          "orientation":
          {
            "x": 0.0,
            "y": 0.0,
            "z": 0.0,
            "w": 1.0
          },
          "scale":
          {
            "x": 1,
            "y": 1,
            "z": 1
          },
          "inheritOnlyPosition": false
        },
        {
          "type": "UnitRootComponent",
          "name": "component_root",
          "state_machine_filename": "data/hd/character/enemy/nihlathakboss/nihlathakboss_state_machine.json",
          "doNotInheritRotation": false,
          "rotationOverride":
          {
            "x": 0.0,
            "y": 0.3826834,
            "z": 0.0,
            "w": 0.9238795
          },
          "doNotUseHDHeight": false,
          "hideAllMeshWhenInOpenedMode": false,
          "onCreateEventName": "",
          "animations":
          [
          ]
        },
        {
          "type": "SkeletonDefinitionComponent",
          "name": "component_skeleton",
          "filename": "data/hd/character/enemy/nihlathakboss/skeleton/nihlathakboss.skeleton"
        },
        {
          "type": "VariantDefinitionComponent",
          "name": "component_variant",
          "filename": "data/hd/character/enemy/nihlathakboss/nihlathakboss_variant.json"
        },
        {
          "type": "DefinitionPreloadComponent",
          "name": "Root_DefinitionPreloadComponent",
          "missiles":
          [
            {
              "type": "UnitDefinitionListEntry",
              "name": "Root_UnitDefinitionList_Entry1",
              "filename": "data/hd/missiles/expansion_arctic_blast_ice.json"
            }
          ],
          "overlays":
          [
            {
              "type": "OverlayDefinitionListEntry",
              "name": "Root_OverlayDefinitionList_Entry1",
              "filename": "data/hd/overlays/common/spawnedminion.json"
            }
          ],
          "minions":
          [
          ]
        },
        {
          "type": "DeadAnimationSpeedOverrideComponent",
          "name": "entity_root_DeadAnimationSpeedOverride",
          "speed": 1.0
        },
        {
          "type": "AimLayersComponent",
          "name": "entity_root_AimLayers",
          "aimLayers":
          [
            {
              "type": "AimLayerSetup",
              "name": "entity_root_AimLayers_aimLayers_0",
              "layerName": "Aim_Head",
              "yawAnimationState": "HeadAimLayer_Yaw",
              "yawOutOfRangeBehavior": 2,
              "yawAngleOffset": 0.0,
              "pitchAnimationState": "",
              "pitchOutOfRangeBehavior": 0,
              "pitchAngleOffset": 0.0,
              "aimLocationTrackName": "aim_location",
              "aimDampingFactor": 0.15,
              "aimTarget": 1
            }
          ]
        },
        {
          "type": "LookAtAnimationControlComponent",
          "name": "entity_root_LookAtAnimationControl",
          "controlOverrides":
          [
          ],
          "aimLayerName": "Aim_Head",
          "blendInTime": 0.25,
          "blendOutTime": 0.25
        }
      ]
    },
    {
      "type": "Entity",
      "name": "entity_torso",
      "id": 1603646233,
      "components":
      [
        {
          "type": "UnitPartComponent",
          "name": "component_part_torso",
          "part": "torso",
          "variant": "lit"
        },
        {
          "type": "ModelDefinitionComponent",
          "name": "component_model_torso",
          "filename": "data/hd/character/enemy/nihlathakboss/torso.model",
          "visibleLayers": 9,
          "lightMask": 19,
          "shadowMask": 3,
          "ghostShadows": false,
          "floorModel": false,
          "terrainBlendEnableYUpBlend": false,
          "terrainBlendMode": 1
        }
      ]
    },
    //头上显示符文标识
    {
      "type": "Entity",
      "name": "vfx",
      "id": 2238451436,
      "components":
      [
        {
          "type": "VfxDefinitionComponent",
          "name": "vfx_VfxDefinition",
          "filename": "data/hd/vfx/particles/objects/vfx_only/arcane_rune_5/vfx_arcanerune_5.particles",
          "hardKillOnDestroy": true
        },
        {
          "type": "TransformDefinitionComponent",
          "name": "vfx_TransformDefinition",
          "position":
          {
            "x": 0.0,
            "y": 6.0,
            "z": 0.0
          },
          "orientation":
          {
            "x": 0.0,
            "y": 0.0,
            "z": 0.0,
            "w": 1.0
          },
          "scale":
          {
            "x": 1,
            "y": 1,
            "z": 1
          },
          "inheritOnlyPosition": false
        }
      ]
    }
  ]
}