{
	"type": "TooltipsPanel",
	"name": "hubQuickJoinGameButton",
	"fields": {
		"priority": 5,
		"anchor": {
			"x": 1.0,
		},
		"rect": {
			/*"x": -170,
			"y": -430,
			"width": 200,
			"height": 200,*/
			"scale": 1,
			"transparency": 0.1
		}
	},
	"children": [
	/*
                {
                    "type": "ButtonWidget", "name": "FriendList",
                    "fields": {
				//"rect": { "x": 321, "y": 1500 ,"scale": 0.65},
             			"rect": { "x": -1950, "y": 20, "scale": 1 },
				"filename": "Lobby\\Final\\Friends_Button",
				"textString": "",
                       	"onClickMessage": "PanelManager:TogglePanel:MDKModLobbychatpanel",
				"textColor": "$LightButtonTextColor",
				"focusIndicatorFilename": "Controller/HoverImages/chatgem_hover",
				"text/style": "$StyleFEButtonText",
				"focusIndicatorVisible": true,
				"hoveredFrame": 2,
				"tooltipString": "@FriendsList\n打开聊天界面（可以直接跟踪进入游戏）",
				"navigation": {"right": { "panelBoundary": true },
                            "up": { "name": "ModSetup" },
                            "down": { "name": "D2Website" },
                        	}
                    }
                },
	*/
	
        {
            "type": "ButtonWidget", "name": "MDKQuickCreateGame",
            "fields": {
                "anchor": {"x": 1.0},
                "rect": { "x": -1290, "y": 5, "scale": 0.8 },
                        "filename": "PANEL/HUD_02/SkillTree",
                        "normalFrame": 3,
                        "hoveredFrame": 5,
                        "pressedFrame": 4,
                //"disabledFrame": 2,
                //"pressLabelOffset": { "x": 0, "y": 2 },
                "textString": "",
		  "tooltipString": "@cyc2快速重建游戏\n\n@cycU该按钮直接显示在界面上存在着误操作的可能性\n@cyc9请自行权衡利弊设置，也可以使用在【ESC界面】的那个快捷重开游戏按钮",
                "tooltipOffset": {"y": -100},
                "onClickMessage": "PanelManager:OpenPanel:LobbyQuickCreateGame",
                "text/style": "$StyleFEButtonText",
                "pointSize": 53,
                "textColor": "$FontColorLightYellow",
                "disabledTint": { "a": 1.0 },
                "sound": "cursor_launch_game_hd",
            }
        },
        
        {
            "type": "ButtonWidget", "name": "MDKQuickCreateGame",
            "fields": {
                "anchor": {"x": 1.0},
                "rect": { "x": -1090, "y": 5, "scale": 0.8 },
                        "filename": "PANEL\\Character_Sheet\\LevelUpButton",
                        "hoveredFrame": 1,
                        "pressedFrame": 2,
                //"disabledFrame": 2,
                //"pressLabelOffset": { "x": 0, "y": 2 },
                "textString": "",
		  "tooltipString": "@MdkmodShowHideQuickLobby",
                "onClickMessage": "PanelManager:TogglePanel:hubQuickJoinGame",
                "text/style": "$StyleFEButtonText",
                "pointSize": 53,
                "textColor": "$FontColorLightYellow",
                "disabledTint": { "a": 1.0 },
                "sound": "cursor_launch_game_hd",
            }
        },

	]
}