{
	"type": "TooltipsPanel",
	"name": "hubQuickJoinGame",
	"fields": {
		"priority": 5,
		"anchor": {
			"x": 1.0,
		},
		"rect": {
			/*"x": -170,
			"y": -430,
			"width": 200,
			"height": 200,*/
			"scale": 1,
			"transparency": 0.1
		}
	},
	"children": [
	/*
                {
                    "type": "ButtonWidget", "name": "FriendList",
                    "fields": {
				//"rect": { "x": 321, "y": 1500 ,"scale": 0.65},
             			"rect": { "x": -1950, "y": 20, "scale": 1 },
				"filename": "Lobby\\Final\\Friends_Button",
				"textString": "",
                       	"onClickMessage": "PanelManager:TogglePanel:MDKModLobbychatpanel",
				"textColor": "$LightButtonTextColor",
				"focusIndicatorFilename": "Controller/HoverImages/chatgem_hover",
				"text/style": "$StyleFEButtonText",
				"focusIndicatorVisible": true,
				"hoveredFrame": 2,
				"tooltipString": "@FriendsList\n打开聊天界面（可以直接跟踪进入游戏）",
				"navigation": {"right": { "panelBoundary": true },
                            "up": { "name": "ModSetup" },
                            "down": { "name": "D2Website" },
                        	}
                    }
                },
	
	
        {
            "type": "ButtonWidget", "name": "MDKQuickCreateGame",
            "fields": {
                "anchor": {"x": 1.0},
                "rect": { "x": -1900, "y": 20, "scale": 0.55 },
                "filename": "FrontEnd\\HD\\Final\\FrontEnd_ButtonLarge",
                "textString": "快速创建游戏",
              "onClickMessage": "PanelManager:OpenPanel:MDKModOpenQuickLobbyCreateGame",
                "text/style": "$StyleFEButtonText",
                "pointSize": 53,
                "textColor": "$FontColorLightYellow",
                "hoveredFrame": 3,
                "disabledFrame": 2,
                "disabledTint": { "a": 1.0 },
                "sound": "cursor_launch_game_hd",
            }
        },
        {
            "type": "ImageWidget", "name": "MDKDivider",
            "fields": {
                "anchor": {"x": 1.0},
                "rect": { "x": -1565, "y": 2, "scale": 0.55 },
                "filename": "FrontEnd/HD/Final/FrontEnd_Divider"
            },
        },
        {
            "type": "ButtonWidget", "name": "MDKQuickJoinGame",
            "fields": {
                "anchor": {"x": 1.0},
                "rect": { "x": -1543, "y": 20, "scale": 0.55 },
                "filename": "FrontEnd\\HD\\Final\\FrontEnd_ButtonLarge",
                "textString": "快速加入游戏",
              "onClickMessage": "PanelManager:OpenPanel:MDKModOpenQuickLobbyJoinGame",
                "text/style": "$StyleFEButtonText",
                "pointSize": 53,
                "textColor": "$FontColorLightYellow",
                "hoveredFrame": 3,
                "disabledFrame": 2,
                "disabledTint": {"a": 1.0 },
            }
        },
*/
	]
}