{
    "type": "LobbyChatPanel", "name": "LobbyChatPanel",
    "fields": {
        "anchor": "$LobbyAnchor",
        "rect": "$LeftLobbyRect",
        //"rect": {"x": -1677, "y": 25, "scale": 0.8 },
        "priority": 10,
        "defaultWidget": "SendMessageButton"
    },
    "children": [
    
    
    
        // Message log
        {
            "type": "Widget", "name": "FriendsListAnchor",
            "fields": {
                "rect": { "x": 60, "y": 168},
            }
        },
        {
            "type": "ChatListWidget", "name": "ListContainer",
            "fields": {
                //"rect": { "x": 76, "y": 184, "width": 1100, "height": 1225 },
                "rect": { "x": 76, "y": 184, "width": 1030, "height": 1225 },
                "isHoverList": false,
                "direction": "vertical",
                "scrollControllerName": "ChatHistoryScrollBar",
                "chatDataSource": "ChatHistory",
                "growsBottomUp": true,
                "itemsContainerSizeMultiplier": 5.0
            },
            "children": [
                {
                    "type": "ListItemWidget", "name": "ChatEntryTemplate",
                    "fields": {
                        //"rect": { "x": 10, "y": 0, "width": 1085, "height": 50 },
                        "rect": { "x": 10, "y": 0, "width": 1015, "height": 50 },
                    },
                    "children": [
                        {
                            "type": "TextBoxWithLinksWidget", "name": "MessageText",
                            "fields": {
                                "fitToParent": true,
                                "text/style": {
                                    "fontColor": "$FontColorWhite",
                                    "fontFace": "BlizzardGlobal",
                                    "pointSize": "$MediumFontSize",
                                    "options": { "pipeCharacterBehavior" : "handle", "newlineHandling": "standard", "lineWrap": true }
                                }
                            }
                        },
                    ]
                },
            ]
        },
        {
            "type": "ImageWidget", "name": "ChatHistoryScrollBarBackground",
            "fields": {
                "rect": { "x": 1178, "y": 184 },
                "filename": "Lobby\\Final\\LobbyChatScrollBar",
            },
            "children": [
                {
                    "type": "ScrollControllerWidget", "name": "ChatHistoryScrollBar",
                    "fields": {
                        "rect": { "x": 5, "y": 30, "width": 30, "height": 1160 },
                        "upArrowFilepath": "FrontEnd\\HD\\Final\\FrontEnd_ScrollUpBtn",
                        "downArrowFilepath": "FrontEnd\\HD\\Final\\FrontEnd_ScrollDownBtn",
                        "barFilepath": "FrontEnd\\HD\\Final\\FrontEnd_ScrollIndicator",
                        "viewName": "ListContainer",
                    }
                },
            ]
        },
        {
            "type": "TextBoxWidget", "name": "ChannelName",
            "fields": {
                "rect": { "x": 178, "y": 1453, "width": 100, "height": 100 },
                "style": {
                    "fontColor": "$FontColorWhite",
                    "fontFace": "BlizzardGlobal",
                    "pointSize": "$MediumFontSize",
                    "options": { "pipeCharacterBehavior" : "handle" },
                    "alignment": { "h": "left", "v": "center" },
                }
            }
        },
        // Input field
        {
            "type": "AutocompleteInputTextBoxWidget", "name": "InputBox",
            "fields":
            {
                "rect": { "x": 298, "y": 1453, "width": 705, "height": 100 },
                "focusIndicatorFilename": "Controller/HoverImages/ChatInput_Hover",
                "focusIndicatorOffset": { "x": 8, "y": -2 },
                "fontType": "Chat",
                "fontStyle":
                {
                    "fontColor": "$FontColorWhite",
                    "fontFace": "BlizzardGlobal",
                    "pointSize": "$MediumFontSize",
                    "alignment": { "h": "left", "v": "center" },
                },
                "backgroundColor": [ 0.0, 0.0, 0.0, 0.0 ],
                "maxStringLength": 256,
                "imeEnabled": true,
                "onUpdateMessage": "AutocompleteInputTextboxMessage:UpdateAutocomplete",
                "leftCursorPadding": 60
            },
            "children": [
                {
                    "type": "RectangleWidget", "name": "AutoSuggestContainer",
                    "fields": {
                        "rect": { "x": 0, "y": 0, "width": 382, "height": 250 },
                        "color": [ 0.0, 0.0, 0.0, 0.7 ],
                    },
                    "children": [
                        {
                            "type": "ListWidget", "name": "AutoSuggestList",
                            "fields": {
                                "fitToParent": true,
                                "selectorName": "AutoSuggestSelector",
                                "direction": "vertical",
                                "scrollControllerName": "AutocompleteScrollBar",
                                "isHoverList": true,
                            },
                            "children": [
                                {
                                    "type": "HoverListItemWidget", "name": "AutoSuggestTemplate",
                                    "fields": {
                                        "rect": { "x": 0, "y": 0, "width": 382, "height": 54 },
                                        "baseColor": "$FontColorGold",
                                        "hoveredColor": "$FontColorWhite",
                                    },
                                    "children": [
                                        {
                                            "type": "ImageWidget", "name": "Image",
                                            "fields": {
                                                 "filename": "Lobby\\ContextMenuSlots",
                                            }
                                        },
                                        {
                                            "type": "TextBoxWidget", "name": "TextBox",
                                            "fields": {
                                                "rect": { "x": 10, "y": 0, "width": 372, "height": 54 },
                                                "style": {
                                                    "pointSize": "$MediumFontSize",
                                                    "fontFace": "BlizzardGlobal",
                                                    "alignment": { "h": "left", "v": "center" },
                                                },
                                            }
                                        }
                                    ]
                                },
                                {
                                    "type": "Widget", "name": "AutoSuggestSelector",
                                }
                            ]
                        },
                        {
                            "type": "ScrollControllerWidget", "name": "AutocompleteScrollBar",
                            "fields": {
                                "viewName": "AutoSuggestList",
                            }
                        },
                    ]
                }  
            ]
        },
        {
            "type": "ButtonWidget", "name": "SendMessageButton",
            "fields": {
                "rect": { "x": 1012, "y": 1458 },
                "filename": "Lobby\\Final\\SendButton",
                "focusIndicatorFilename": "Controller/HoverImages/ChatSendBtn_Hover",
                "textString": "@LobbySendMessageButton",
                "pointSize": "$SmallFontSize",
                "textColor": "$FontColorLightGold",
                "onClickMessage": "Lobby:SendBNetMessage",
                "normalFrame": 0,
                "pressedFrame": 1,
                "hoveredFrame": 3,
                "disabledFrame": 2,
                "disabledTint": { "a": 1.0 },
            }
        },
        
        
                //**************************************
                //左上角快速游戏按钮
                {
                    "type": "ButtonWidget", "name": "MDKQuickPlayButton2Normal",
                    "fields": {
                        //"anchor": { "x": 0.5, "y": 0.5 },
                        //"rect": { "x": -120, "y": 190, "scale": 0.65},
                        "rect": { "x": 1070, "y": 200, "scale": 0.55 },
                        "filename": "Questicons\\a1q1",
                        "textString": "",
                        "tooltipString": "@MdkmodQuickCreateNormalGame",  //@QuickStartGame\n@QuickStartGameTooltipString",
                        //"onClickMessage": "CharacterSelect:LoadCharacter:0",
                        "onClickMessage": "PanelManager:OpenPanel:LobbyQuickCreateNormalGame",
                        "text/style": "$StyleFEButtonText",
                        "pointSize": 56,
                        "textColor": "$FontColorGreen",
                            "normalFrame": 3,
                            "pressedFrame": 25,
                        "hoveredFrame": 0,
                        "disabledFrame": 2,
                        "disabledTint": { "a": 1.0 },
                        "sound": "cursor_launch_game_hd",
                    }
                },
                    {
                    "type": "ButtonWidget", "name": "MDKQuickPlayButton2Nightmare",
                    "fields": {
                        //"anchor": { "x": 0.5, "y": 0.5 },
                        //"rect": { "x": -120, "y": 310, "scale": 0.65},
                        "rect": { "x": 1070, "y": 310, "scale": 0.55 },
                        "filename": "Questicons\\a4q3",
                        "textString": "",
                        "tooltipString": "@MdkmodQuickCreateNightmareGame",  //@QuickStartGame\n@QuickStartGameTooltipString",
                        //"onClickMessage": "CharacterSelect:LoadCharacter:1",
                        "onClickMessage": "PanelManager:OpenPanel:LobbyQuickCreateNightmareGame",
                        "text/style": "$StyleFEButtonText",
                        "pointSize": 56,
                        "textColor": "$FontColorGreen",
                            "normalFrame": 10,
                            "pressedFrame": 25,
                        "hoveredFrame": 0,
                        "disabledFrame": 2,
                        "disabledTint": { "a": 1.0 },
                        "sound": "cursor_launch_game_hd",
                    }
                },
                    {
                    "type": "ButtonWidget", "name": "MDKQuickPlayButton2Hell",
                    "fields": {
                        //"anchor": { "x": 0.5, "y": 0.5 },
                        //"rect": { "x": -120, "y": 430, "scale": 0.65},
                        "rect": { "x": 1070, "y": 420, "scale": 0.55 },
                        "filename": "Questicons\\a5q6",
                        "textString": "",
                        "tooltipString": "@MdkmodQuickCreateHellGame",  //@QuickStartGame\n@QuickStartGameTooltipString",
                        //"onClickMessage": "CharacterSelect:LoadCharacter:2",
                        "onClickMessage": "PanelManager:OpenPanel:LobbyQuickCreateHellGame",
                        "text/style": "$StyleFEButtonText",
                        "pointSize": 56,
                        "textColor": "$FontColorGreen",
                            "normalFrame": 10,
                            "pressedFrame": 25,
                        "hoveredFrame": 0,
                        "disabledFrame": 2,
                        "disabledTint": { "a": 1.0 },
                        "sound": "cursor_launch_game_hd",
                    }
                },
                    {
                    "type": "ButtonWidget", "name": "MDKSelectCharButton",
                    "fields": {
                        //"anchor": { "x": 0.5, "y": 0.5 },
                        //"rect": { "x": -120, "y": 670, "scale": 0.65},
                        "rect": { "x": 1070, "y": 1300, "scale": 0.55 },
                        "filename": "Questicons\\a2q6",
                        "textString": "",
                        "tooltipString": "@cyc2快速更换角色\n\n@cyc1中间的角色预览不会实时变化，但不影响进入游戏的角色。\n选择角色时请确定角色难度、资料片/非资、天梯、专家级等属性，不符合的角色无法加入游戏",  //@QuickStartGame\n@QuickStartGameTooltipString",
                        "onClickMessage": "PanelManager:TogglePanel:CharacterSelectPanelLobby",
                        "text/style": "$StyleFEButtonText",
                        "pointSize": 56,
                        "textColor": "$FontColorGreen",
                            "normalFrame": 10,
                            "pressedFrame": 25,
                        "hoveredFrame": 0,
                        "disabledFrame": 2,
                        "disabledTint": { "a": 1.0 },
                        "sound": "cursor_launch_game_hd",
                    }
                },
                //**************************************
        
        // Friends
        {
            "type": "ButtonWidget", "name": "FriendsListButton",
            "fields": {
                "rect": { "x": 76, "y": 1458 },
                "filename": "Lobby\\Final\\Friends_Button",
                "onClickMessage": "PanelManager:TogglePanel:FriendsListPanel",
                "tooltipString": "@FriendsList",
                "hoveredFrame": 2,
            }
        },
         // Channels name + dropdown
        {
            "type": "ChatChannelsWidget", "name": "ChannelsDropdown",
            "fields": {
                "rect": {  "x": 177, "y": 91, "width": 951, "height": 47 },
            },
            "children": [
                {
                   "type": "TextBoxWidget", "name": "ChannelName",
                    "fields": {
                        "rect": { "x": 2, "y": -8, "width": 884, "height": 58 },
                        "text": "",
                        "style": {
                            "fontFace": "BlizzardGlobal",
                            "fontColor": "$FontColorLightGold",
                            "options": { "pipeCharacterBehavior" : "handle" },
                            "alignment": { "h": "center", "v": "center" },
                        }
                    }
                },
                {
                    "type": "ToggleButtonWidget", "name": "ChannelDropDownButton",
                    "fields": {
                        "rect": { "x": 897, "y": -4 },
                        "filename": "Lobby\\Final\\Dropdown_Arrows",
                        "focusIndicatorFilename": "Controller/HoverImages/ChatDropDown_Hover",
                        "untoggledFrame": 0,
                        "untoggledPressedFrame": 1,
                        "untoggledHoveredFrame": 2,
                        "toggledFrame": 1,
                        "toggledPressedFrame": 0,
                        "onClickMessage": "ChatChannelsMessage:ToggleDropdown",
                    },
                },
                {
                    "type": "ImageWidget", "name": "ListBackground",
                    "fields":
                    {
                        "rect": {"x": -17, "y": 64, "width": 977, "height": 609},
                        "filename": "Lobby\\Final\\LobbyDropdownFrame"
                    },
                    "children": [
                        {
                            "type": "ListWidget", "name": "ChannelList",
                            "fields": {
                                "fitToParent": true,
                                "isHoverList": true,
                                "direction": "vertical",
                                "itemSelectionMessage": "ChatChannelsMessage:SelectChannel",
                                "selectorName": "Selector",
                                "selectionChangedSound": "cursor_pass",
                                "scrollControllerName": "ChannelsScrollController",
                            },
                            "children": [
                                {
                                    "type": "HoverListItemWidget", "name": "ChannelNameContainer",
                                    "fields": {
                                        "rect": { "x": 2, "y": 0, "width": 938, "height": 54 },
                                        "baseColor": "$FontColorGold",
                                        "hoveredColor": "$FontColorWhite",
                                    },
                                    "children": [
                                        {
                                            "type": "ImageWidget", "name": "Image",
                                            "fields": {
                                                "filename": "Lobby\\Final\\LobbyDropdownSlots",
                                            }
                                        },
                                        {
                                            "type": "TextBoxWidget", "name": "TextBox",
                                            "fields": {
                                                "rect": { "x": 10, "y": 2, "width": 930, "height": 48 },
                                                "style": {
                                                    "fontFace": "BlizzardGlobal",
                                                    "alignment": { "h": "left", "v": "center" },
                                                },
                                            }
                                        },
                                    ]
                                },
                                {
                                    "type": "Widget", "name": "Selector",
                                },
                            ]
                        },
                        {
                            "type": "ImageWidget", "name": "ScrollBarBackground",
                            "fields": {
                                "rect": { "x": 938, "y": 3 },
                                "filename": "Lobby\\Final\\LobbyDropdownScrollBar",
                            },
                            "children": [
                                {
                                    "type": "ScrollControllerWidget", "name": "ChannelsScrollController",
                                    "fields": {
                                        "rect": { "x": 5, "y": 28, "width": 30, "height": 540 },
                                        "viewName": "ChannelList",
                                        "upArrowFilepath": "FrontEnd\\HD\\Final\\FrontEnd_ScrollUpBtn",
                                        "downArrowFilepath": "FrontEnd\\HD\\Final\\FrontEnd_ScrollDownBtn",
                                        "barFilepath": "FrontEnd\\HD\\Final\\FrontEnd_ScrollIndicator",

                                    }
                                },
                            ]
                        }

                    ]
                }
            ]
        },
    ]
}
