{
    "type": "LobbyBackgroundPanel", "name": "LobbyBackgroundPanel",
    "fields": {
        "fitToParent": true,
        "anchor": "$LobbyAnchor",
        "lobbyTabs" :  [ "CreateGamePanel", "JoinGamePanel", "LadderPanel"],
        "defaultTab": 1,
        "leftRect": "$LeftLobbyRect",
        "leftRectNarrow": "$LeftLobbyRectNarrow",
        "rightRect": "$RightLobbyRect",
        "rightRectNarrow": "$RightLobbyRectNarrow",
        "rightSubpanelRect": "$RightLobbySubPanelRect",
        "rightSubpanelRectNarrow": "$RightLobbySubPanelRectNarrow",
        "hardcoreCharacterNameColor": "$FontColorRed",
        "playerClassScale": [
            { "playerClass": "Assassin", "scale": 1.1 },
            { "playerClass": "Amazon", "scale": 1.05 },
            { "playerClass": "Druid", "scale": 0.97 },
            { "playerClass": "Sorceress", "scale": 1.1 },
        ],
        "tutorialRects": ["$ChatRect", "$ChatArrowRect", "$CreateGameRect", "$GameNameRect", "$JoinGameRect", "$LadderRect"],
        "tutorialNarrowRects": ["$ChatNarrowRect", "$ChatArrowNarrowRect", "$CreateGameNarrowRect", "$GameNameNarrowRect", "$JoinGameNarrowRect", "$LadderNarrowRect"],
        "deadCharacterTint": [ 0.1, 0.18, 0.36, 0.9 ],
        "deadCharacterTransparency": 0.7
    },
    "children": [
        {
            "type": "RectangleWidget", "name": "FlatBackground",
            "fields": {
                "fitToScreen": true,
                "anchor": { "x": -0.5 },
            }
        },
// Small grass image is made to work with 4:3
        {
            "type": "ImageWidget", "name": "FullLobbyBackground",
            "fields": {
                "rect": { "x": -1920 },
                "filename": "Lobby\\Final\\Lobby_BG"
            },
        },
        {
            "type": "ImageWidget", "name": "BottomPanelBackgroundSmall",
            "fields": {
                "rect": { "x": -1131, "y": 1659 },
                "filename": "Lobby\\Final\\Lobby_BottomPanel_Small"
            },
        },
        {
            "type": "Widget", "name": "LeftPanel",
            "fields": {
                "rect": "$LeftLobbyRect",
                //"rect": {"x": -1677, "y": 25, "scale": 0.8 },
            },
            "children": [


                // Bottom left backing
         	{
                    "type": "ImageWidget", "name": "LeftPanelBackground",
                    "fields": {
                        "filename": "Lobby\\Final\\Lobby_LeftPanel"
                    },
         	},
                {
                    "type": "ImageWidget", "name": "BottomLeftPanelBackground",
                    "fields": {
                         "rect": {"x": -3, "y": 1651 },
                        "filename": "Lobby\\Final\\Lobby_BottomBackingL"
                    },
                },
                {
                    "type": "ButtonWidget", "name": "LargeLeftArrow",
                    "fields": {
                        "rect": { "x": 48, "y": 1796 },
                        "filename": "Lobby\\Final\\LobbyArrowLargeL",
                        "hoveredFrame": 2,
                        "disabledFrame": 3,
                        "disabledTint": { "a": 1.0 },
                        "onClickMessage": "Lobby:FirstChatParticipant",
                    },
                },
                {
                    "type": "ButtonWidget", "name": "SmallLeftArrow",
                    "fields": {
                        "rect": { "x": 99, "y": 1925 },
                        "filename": "Lobby\\Final\\LobbyArrowSmallL",
                        "hoveredFrame": 2,
                        "disabledFrame": 3,
                        "disabledTint": { "a": 1.0 },
                        "onClickMessage": "Lobby:PrevChatParticipant",
                    },
                },
            ]
        },
        {
            "type": "Widget", "name": "RightPanel",
            "fields": {
                "rect": "$RightLobbyRect",
            },
            "children": [
                {
                    "type": "ImageWidget", "name": "RightPanelBackground",
                    "fields": {
                        "filename": "Lobby\\Final\\Lobby_RightPanel"
                    },
                },
                {
                    "type": "TabBarWidget", "name": "LobbyTabs",
                    "fields": {
                        "rect": { "x": 67, "y": 81 },
                        "tabCount": 3,
                        "filename": "Lobby\\Final\\LobbyTabs",
                        "inactiveFrames": [ 1, 1, 1 ],
                        "activeFrames": [ 0, 0, 0 ],
                        "disabledFrames": [ 1, 1, 1 ],
                        "textStrings": [ "@LobbyCreateGame", "@LobbyJoinGame", "@LobbyLadder" ],
                        "tooltipStrings": [ "", "", "@LadderLeaderboardRefreshMessage" ],
                        "disabledTooltipStrings":  [ "@UnavailableFeature", "@UnavailableFeature", "@UnavailableFeature"],
                        "textStyle": { "pointSize": "$MediumFontSize" },
                        "activeTextColor": "$TabsActiveTextColor",
                        "inactiveTextColor": "$TabsInactiveTextColor",
                        "tabSize": { "x": 386, "y": 103 },
                        "tabPadding": { "x": 1, "y": 0 },
                        "tabTextOffset": { "x": 0, "y": -5 },
                        "onSwitchTabMessage": "Lobby:SelectTab",
                        "automaticallyPositionIndicators": true,
                    }
                },
                {
                    "type": "ButtonWidget", "name": "ExitLobby",
                    "fields": {
                        "rect": { "x": 78, "y": 1457 },
                        "filename": "Lobby\\Final\\LobbyButton",
                        "textString": "@LobbyExitLobbyButton",
                        "fontType": "10ptE",
                        "pointSize": "$MediumFontSize",
                        "textColor": "$LightButtonTextColor",
                        "onClickMessage": "Lobby:Close",
                        "hoveredFrame": 3,
                        "disabledFrame": 2,
                        "disabledTint": { "a": 1.0 },
                    },
                },

                // Bottom right backing
                {
                    "type": "ImageWidget", "name": "BottomRightPanelBackground",
                    "fields": {
                        "rect": {"x": 1129, "y": 1649},
                        "filename": "Lobby\\Final\\Lobby_BottomBackingR",
                    },
                },
                {
                    "type": "ButtonWidget", "name": "LargeRightArrow",
                    "fields": {
                        "rect": { "x": 1161, "y": 1796 },
                        "filename": "Lobby\\Final\\LobbyArrowLargeR",
                        "hoveredFrame": 2,
                        "disabledFrame": 3,
                        "disabledTint": { "a": 1.0 },
                        "onClickMessage": "Lobby:LastChatParticipant",
                    },
                },
                {
                    "type": "ButtonWidget", "name": "SmallRightArrow",
                    "fields": {
                        "rect": { "x": 1161, "y": 1925 },
                        "filename": "Lobby\\Final\\LobbyArrowSmallR",
                        "hoveredFrame": 2,
                        "disabledFrame": 3,
                        "disabledTint": { "a": 1.0 },
                        "onClickMessage": "Lobby:NextChatParticipant",
                    },
                },
            ]
        },

        {
            "type": "Widget", "name": "CenterPanel",
            "children": [
                {
                    "type": "ImageWidget", "name": "BottomPanelBackground",
                    "fields": {
                        "rect": { "x": -1498, "y": 1681 },
                        "filename": "Lobby\\Final\\Lobby_BottomPanel"
                    },
                },
                {
                    "type": "ImageWidget", "name": "CenterPanelBackground",
                    "fields": {
                        "rect": { "x": -362, "y": 4},
                        "filename": "Lobby\\Final\\Lobby_CenterPanel"
                    },
                },
                {
                    "type": "AnimatedImageWidget", "name": "FullGlow",
                    "fields": {
                        "rect": { "x": -230, "y": 121, "scale": 0.80 },
                        "filename": "LogoAnimation/FullGlow_PC",
                        "fps": 20,
                    },
                },
                {
                    "type": "AnimatedImageWidget", "name": "Logo",
                    "fields": {
                        "rect": { "x": -226, "y": 97, "scale": 0.80 },
                        "filename": "LogoAnimation/LogoAnimation",
                        "fps": 20,
                    },
                },
                {
                    "type": "ImageWidget", "name": "ResurrectedText",
                    "fields": {
                        "rect": { "x": -175, "y": 365, "scale": 0.80 },
                        "filename": "LogoAnimation/ResurrectedText",
                    },
                },
                {
                    "type": "AnimatedImageWidget", "name": "BottomFlames",
                    "fields": {
                        "rect": { "x": -97, "y": 396, "scale": 0.80 },
                        "filename": "LogoAnimation/Logo_BottomFlame",
                        "fps": 20,
                    },
                },
	        // 屏幕中间隐藏的快速游戏按钮
	        {
	            "type": "ButtonWidget", "name": "MDKQuickPlayButtonCenter",
	            "fields": {
	                "anchor": { "x": 0.5, "y": 0.5 },
	                "rect": { "x": -140, "y": 550, "width":280,"height":680, "scale": 1},
	                //"filename": "controller\\panel\\escapemenu\\escapeoptions_button",
	                "textString": "",
	                "tooltipString": "@MdkmodQuickCreateHellGame", //@QuickStartGameTooltipString",
	                "onClickMessage": "PanelManager:OpenPanel:LobbyQuickCreateGame",
	                "text/style": "$StyleFEButtonText",
	                "pointSize": 46,
	                "textColor": "$FontColorGreen",
	                "hoveredFrame": 3,
	                "disabledFrame": 2,
	                "disabledTint": { "a": 1.0 },
	                "sound": "cursor_launch_game_hd",
	            }
	        },

                {
                    "type": "TextBoxWidget", "name": "Name",
                    "fields": {
                        "rect": { "x": -280, "y": 1292, "width": 561, "height": 58 },
                        "fontType": "16pt",
                        "text": "@GameName",
                        "style": {
                            "fontColor": "$FontColorGoldYellow",
                            "alignment": { "v": "center", "h": "center" },
                            "pointSize": "$LargeFontSize",
                        },
                        "useAltStyleIfDoesntFit": true,
                        "altStyle": {
                            "fontColor": { "r": 199, "g": 179, "b": 119, "a": 255 },
                            "alignment": { "v": "center", "h": "center" },
                            "pointSize": "$SmallFontSize",
                            "spacing": "$MinimumSpacing",
                        },
                    }
                },
                {
                    "type": "TextBoxWidget", "name": "Level&Class",
                    "fields": {
                        "rect": { "x": -280, "y": 1334, "width": 561, "height": 58 },
                        "fontType": "16pt",
                        "text": "level&class",
                        "style": {
                            "alignment": { "h": "center", "v": "center" },
                            "pointSize": "$MediumFontSize",
                        },
                    }
                },
                {
                    "type": "ToggleButtonWidget", "name": "ChatGem",
                    "fields": {
                        "rect": { "x": -66, "y": 1471 },
                        "hitMargin": { "top": -30, "bottom": -25, "left": -35, "right": -30 },
                        "filename": "Lobby\\Final\\ChatGem",
                        "onClickMessage": "Lobby:ChatGem",
                        "untoggledFrame": 0,
                        "toggledFrame": 1,
                        "sound": "cursor_lobby_gem_hd",
                    }
                },
            ]
        },
        {
            "type": "Camera3DWidget", "name": "MainCaptureCamera",
            "fields": {
                "yawDegrees": 91,
                "pitchDegrees": 0,
                "fovDegrees": 42,
                "position": [ 65.14, 5.28, 108.8 ],
                "activateOnOpened": true,
                "frustumBoundsMin": [ 20.0, -10.0, 70.0 ],
                "frustumBoundsMax": [ 120.0, 20.0, 150.0 ],
                "overrideFrustumBoundsOnActivate": true,
                "visDataPath": "data/hd/env/vis/ui_frontend_lobby.json",
                "iblDataPath": "data/hd/env/ibl/act3_IW_over29_CUBEMAP.ibls",
                "isCaptureCamera": true
            }
        },
        {
            "type": "PlayerLoaderWidget", "name": "MainCharacterCapture",
            "fields": {
                "position": [ 78.0, 1.1, 108.7 ],
                "yawDegrees": -100,
                "animation": "FrontendNeutral",
                "captureInView": 0,
             }
        },
        {
            "type": "ImageWidget", "name": "MainFigurine",
            "fields": {
                "rect": { "x": -390, "y": 384, "width": 780, "height": 880 },
                "isLinear": true,
                "skipScaling": true,
            },
        },
        {
            "type": "PlayerLoaderWidget", "name": "CharacterCapture1",
            "fields": {
                "playerClass": "Assassin",
                "position": [ 78.0, 1.1, 108.7 ],
                "yawDegrees": -85,
                "animation": "FrontendNeutral",
                "captureInView": 1
            }
        },
        {
            "type": "PlayerLoaderWidget", "name": "CharacterCapture2",
            "fields": {
                "playerClass": "Sorceress",
                "position": [ 78.0, 1.1, 108.7 ],
                "yawDegrees": -85,
                "animation": "FrontendNeutral",
                "captureInView": 2
            }
        },
        {
            "type": "PlayerLoaderWidget", "name": "CharacterCapture3",
            "fields": {
                "playerClass": "Amazon",
                "position": [ 78.0, 1.1, 108.7 ],
                "yawDegrees": -85,
                "animation": "FrontendNeutral",
                "captureInView": 3
            }
        },
        {
            "type": "PlayerLoaderWidget", "name": "CharacterCapture4",
            "fields": {
                "playerClass": "Assassin",
                "position": [ 78.0, 1.1, 108.7 ],
                "yawDegrees": -85,
                "animation": "FrontendNeutral",
                "captureInView": 4
            }
        },
        {
            "type": "PlayerLoaderWidget", "name": "CharacterCapture5",
            "fields": {
                "playerClass": "Druid",
                "position": [ 78.0, 1.1, 108.7 ],
                "yawDegrees": -85,
                "animation": "FrontendNeutral",
                "captureInView": 5,
            }
        },
        {
            "type": "PlayerLoaderWidget", "name": "CharacterCapture6",
            "fields": {
                "playerClass": "Paladin",
                "position": [ 78.0, 1.1, 108.7 ],
                "yawDegrees": -85,
                "animation": "FrontendNeutral",
                "captureInView": 6
            }
        },
        {
            "type": "PlayerLoaderWidget", "name": "CharacterCapture7",
            "fields": {
                "playerClass": "Barbarian",
                "position": [ 78.0, 1.1, 108.7 ],
                "yawDegrees": -85,
                "animation": "FrontendNeutral",
                "captureInView": 7
            }
        },
        {
            "type": "PlayerLoaderWidget", "name": "CharacterCapture8",
            "fields": {
                "playerClass": "Necromancer",
                "position": [ 78.0, 1.1, 108.7 ],
                "yawDegrees": -85,
                "animation": "FrontendNeutral",
                "captureInView": 8
            }
        },
        {
            "type": "ImageWidget", "name": "Figurine1",
            "fields": {
                "rect": { "x": -1562, "y": 1634, "width": 466, "height": 525 },
                "isLinear": true,
                "skipScaling": true,
            },
        },
        {
             "type": "ImageWidget", "name": "Figurine2",
             "fields": {
                 "rect": { "x": -1182, "y": 1634, "width": 466, "height": 525 },
                 "isLinear": true,
                 "skipScaling": true,
             },
        },
        {
             "type": "ImageWidget", "name": "Figurine3",
             "fields": {
                 "rect": { "x": -802, "y": 1634, "width": 466, "height": 525 },
                 "isLinear": true,
                 "skipScaling": true,
             },
        },
        {
             "type": "ImageWidget", "name": "Figurine4",
             "fields": {
                 "rect": { "x": -422, "y": 1634, "width": 466, "height": 525 },
                 "isLinear": true,
                 "skipScaling": true,
             },
        },
        {
             "type": "ImageWidget", "name": "Figurine5",
             "fields": {
                 "rect": { "x": -42, "y": 1634, "width": 466, "height": 525 },
                 "isLinear": true,
                 "skipScaling": true,
             },
        },
        {
             "type": "ImageWidget", "name": "Figurine6",
             "fields": {
                 "rect": { "x": 338, "y": 1634, "width": 466, "height": 525 },
                 "isLinear": true,
                 "skipScaling": true,
             },
        },
        {
             "type": "ImageWidget", "name": "Figurine7",
             "fields": {
                 "rect": { "x": 718, "y": 1634, "width": 466, "height": 525 },
                 "isLinear": true,
                 "skipScaling": true,
             },
        },
        {
             "type": "ImageWidget", "name": "Figurine8",
             "fields": {
                 "rect": { "x": 1098, "y": 1634, "width": 466, "height": 525 },
                 "isLinear": true,
                 "skipScaling": true,
             },
        },
        {
            "type": "TextBoxWidget", "name": "NameTemplate",
            "fields": {
                "rect": { "x": 43, "y": 450, "width": 380, "height": 58 },
                "style": {
                    "fontColor": "$FontColorWhite",
                    "alignment": { "v": "center", "h": "center" },
                    "pointSize": "$SmallFontSize",
                    "options": { "pipeCharacterBehavior" : "handle" },
                    "highlight": {
                        "endIndex": "$INT_MAX",
                        "backgroundColor": { "r": 0, "g": 0, "b": 0, "a": 127 }
                    },
                },
                "useAltStyleIfDoesntFit": true,
                "altStyle": {
                    "fontColor": "$FontColorWhite",
                    "alignment": { "v": "center", "h": "center" },
                    "pointSize": "$SmallFontSize",
                    "spacing": { "kerning": 0.9, "leading": 0.9 },
                    "options": { "lineWrap": true, "newlineHandling": "standard", "pipeCharacterBehavior" : "handle" },
                    "highlight": {
                        "endIndex": "$INT_MAX",
                        "backgroundColor": { "r": 0, "g": 0, "b": 0, "a": 127 }
                    },
                },
            }
        },
        {
            "type": "AnimatedImageWidget", "name": "MutedTemplate",
            "fields": {
                "rect": { "x": 70, "y": 100 },
                "filename": "Lobby/CharSquelchAnimation/Squelch_Flame",
                "fps": 20,
            },
        },
        {
            "type": "FocusableWidget", "name": "ClickAreaTemplate",
            "fields": {
                "rect": { "x": 88, "y": 65, "width": 290, "height": 450 },
                "tooltipStyle": {
                    "fontStyle": {
                        "options": { "newlineHandling": "standard" }
                    }
                },
            }
        },
    ]
}
