{
	"type": "UKComplianceModal",
	"name": "MDKModOpenModColorView",
	"fields": {
		"anchor": {
			"x": 0.5,
			"y": 0.13
		},
		"isDismissable": false
	},
	"children": [{
		"type": "NineTileImageWidget",
		"name": "TooltipTile",
		"fields": {
			"rect": {
				"x": -1300,
				"y": -150,
				"width": 2600,
				"height": 1800
			},
			"filename": "PANEL/TooltipBorder/TooltipBorder",
			"backgroundColor": [
				0.0,
				0.0,
				0.0,
				0.80
			],
			"tileScale": 1.0
		},
		"children": [{
				"type": "TextBoxWidget",
				"name": "Title",
				"fields": {
					"rect": {
						"x": 0,
						"y": 0,
						"width": 2600,
						"height": 270
					},
					"style": {
						"fontColor": "$FontColorGoldYellow",
						"alignment": {
							"h": "center",
							"v": "center"
						},
						"options": {
							"lineWrap": true,
							"newlineHandling": "standard"
						},
						"pointSize": "$XExtraLargeFontSize",
						"spacing": "$ReducedSpacing"
					},
					"text": "\ue005\ue033 查看当前游戏支持的图片引用、颜色代码与实际效果 \ue033\ue005"
				}
			},
			{
				"type": "TextBoxWidget",
				"name": "PromptParagraph1",
				"fields": {
					//"anchor": {"x": 0.05, "y": 0.1 },
					"rect": {"x": 100,"y": 210,"width": 2400,"height": 1000},
					"style": {"fontColor": "$ModalDescriptionTextColor",
							"alignment": {"h": "left","v": "up"},
							"options": {"lineWrap": true,"newlineHandling": "standard" , "pipeCharacterBehavior" : "handle"},
							"spacing": {"leading": 1.1},
							"pointSize": "$XLargeFontSize"},
					"text": "@MDKModColorShow"
				}
			},

			{
				"type": "ButtonWidget",
				"name": "OpenPicView",
				"fields": {
					"anchor": {"x": 0.8, "y": 0.9 },
					"rect": {"x": -280,"y": 0},
					"filename": "Panel\\Modals\\ModalButton",
					"focusIndicatorFilename": "Controller/HoverImages/ModalButton_NoGap_Hover",
					"hoveredFrame": 3,
					"onClickMessage": "PanelManager:OpenPanel:MDKModOpenModPictureView",
					"textColor": "$LightButtonTextColor",
					"text/style": "$StyleFEMultiLineButtonText",
					"textString": "看看引用图？"
				}
			},


			{
				"type": "ButtonWidget",
				"name": "Close",
				"fields": {
					"anchor": {"x": 0.5, "y": 0.9 },
					"rect": {"x": -280,"y": 0},
					"filename": "Panel\\Modals\\ModalButton",
					"focusIndicatorFilename": "Controller/HoverImages/ModalButton_NoGap_Hover",
					"hoveredFrame": 3,
					"onClickMessage": "PanelManager:ClosePanel:MDKModOpenModColorView",
					"textColor": "$LightButtonTextColor",
					"text/style": "$StyleFEMultiLineButtonText",
					"textString": "@close"
				}
			}
		]
	}]
}