{
    "type": "HoradricCubePanel", "name": "HoradricCubeMiniLayout",
    "fields": {
        "priority": 10,
        "rect": { "x": -320, "y": 226 },
        "anchor": "$RightPanelAnchor",
    },
    "children": [
        {
            "type": "ImageWidget", "name": "background",
            "fields": {
                "filename": "PANEL\\Horadric_Cube\\Cube_Grid"
            },
        },
        {
            "type": "ButtonWidget", "name": "convert",
            "fields": {
                "rect": { "x": 180, "y": 460, "scale": 0.5 },
                "filename": "PANEL\\Horadric_Cube\\TransmuteButton",
                "tooltipString": "@strUiMenu2",
                "hoveredFrame": 2,
                "onClickMessage": "HoradricCubePanelMessage:Convert",
            },
        },
        {
            "type": "ButtonWidget", "name": "close",
            "fields": {
                "rect": { "x": 240, "y": 454 },
                "filename": "PANEL\\closebtn_4x",
                "hoveredFrame": 3,
                "tooltipString": "@strClose",
                "sound": "cursor_close_window_hd",
                "onClickMessage": "PanelManager:ClosePanel:HoradricCubeMiniLayout",
            },
        },
        {
            "type": "InventoryGridWidget", "name": "grid",
            "fields": {
                "rect": { "x": 25, "y": 20 },
                "cellCount": { "x": 3, "y": 4 },
                "cellSize": "$ItemCellSize",
                "gemSocketFilename": "PANEL\\gemsocket",
            },
        },
    ]
}
