{
    "type": "MonsterHealthPanel", "name": "HUDMonsterHealth",
    "fields": {
        "priority": -100,
        "anchor": { "x": 0.5 },
        "rect": {"x":-600,  "y": 63,"width": 1200, "height": 88 }, 
    },
    "children": [        
        {
            "type": "HealthBarWidget", "name": "Health",
            "fields": {
                "fitToParent": true,
                "normalColor": { "r": 0.5, "g": 0.0, "b": 0.0 },
                "warningHealthPercent": 33,
                "warningColor": { "r": 0.65, "g": 0.1, "b": 0.5 },
                "criticalHealthPercent": 10,
                "criticalColor": { "r": 0.65, "g": 0.1, "b": 1.0 },
                "transparency": 0.95,
                "backgroundTransparency": 0.65,
                "drawWhenEmpty": true
            },
            "children": [
                /*{
                "type": "NineTileImageWidget", "name": "HealthBarBorder",
                "fields": {
                    "fitToParent": false,
                    "filename": "PANEL/TooltipBorder/TooltipBorder",
                    "anchor": { "x": 0,"y": 0 },
                    "rect": {"x":-15, "y": -5,"width": 1230, "height": 97 },
                    "backgroundColor": [ 0.0, 0.0, 0.0, 0 ],
                    "tileScale": 1.3,
                    "backgroundTransparency": 0,
                    "drawWhenEmpty": true
                    }
                },*/
                {
                    "type": "TextBoxWidget", "name": "Name",
                    "fields": {
                        "anchor": { "x": 0.5, "y": 0.5 },
                        "style": {
                            "pointSize": "$LargeFontSize",
                            "alignment": { "h": "center", "v": "center" },
  		      		"options": { "newlineHandling": "standard" , "pipeCharacterBehavior" : "handle"},
                            "spacing": { "kerning": 1 }
                        }
                    }
                },
            ]
        },
                {
                    "type": "GrowableImageWidget", "name": "NormalMonsterBackground",
                    "rect": { "x": -600, "y": -26 },
                    "fields": {
                        "filename": "panel/hpbar/MonsterHealth/monster_healthbar_normal",
                        "leftCap/filename": "panel/hpbar/MonsterHealth/monster_healthbar_normal_left_cap",
                        "rightCap/filename": "panel/hpbar/MonsterHealth/monster_healthbar_normal_right_cap",
                        "leftCapOffset": { "x": 0, "y": 0 },
                        "rightCapOffset": { "x": 0, "y": 0 },
                        "placeCapsOutsideRect": true
                    }
                },
                {
                    "type": "GrowableImageWidget", "name": "UniqueMonsterBackground",
                    "rect": { "x": -600, "y": -26 },
                    "fields": {
                        "filename": "panel/hpbar/MonsterHealth/monster_healthbar_unique",
                        "leftCap/filename": "panel/hpbar/MonsterHealth/monster_healthbar_unique_left_cap",
                        "rightCap/filename": "panel/hpbar/MonsterHealth/monster_healthbar_unique_right_cap",
                        "leftCapOffset": { "x": 0, "y": 0 },
                        "rightCapOffset": { "x": 0, "y": 0 },
                        "placeCapsOutsideRect": true
                    },
                    "children": [
                        {
                            "type": "ImageWidget", "name": "BottomCap",
                            "fields": {
                                "anchor": { "x": 0.5, "y": 1 },
                                "rect": { "x": -60 },
                                "filename": "panel/hpbar/MonsterHealth/monster_healthbar_unique_bottom_cap"
                            }
                        }
                    ]
                },
        {
            "type": "TextBoxWidget", "name": "Unique",
            "fields": {
                "anchor": { "x": 0.5 },
                "rect": { "x":0, "y": 140 },
                "style": {
                    "pointSize": "$MediumLargeFontSize",
                    "alignment": { "h": "center", "v": "center"  },
  		      	"options": { "newlineHandling": "standard" , "pipeCharacterBehavior" : "handle"},
                }
            }
        },
        {
            "type": "TextBoxWidget", "name": "Additional",
            "fields": {
                "rect": { "x":0, "y": 210 },
                "anchor": { "x": 0.5 },
                "style": {
                    "pointSize": "$MediumLargeFontSize",
                    "alignment": { "h": "center", "v": "center"  },
      			"options": { "newlineHandling": "standard", "pipeCharacterBehavior" : "handle" },
                }
            }
        },





    ]
}
