{

//需要设置自启动项目（迷你方盒、显示房间名与密码、显示迷你血条）
//请在本文件最下面的部分进行手动修改

    "type": "HUDWarningsPanel", "name": "HUDWarnings",
    "fields": {
        "priority": -100,
        "anchor": { "x": 1, "y": 0 },
        "rect": { "x": -40, "y": 12 },
        "showAutomapGameName": true,
        "showAutomapGamePassword": true,
        "showAutomapAreaName": true,
        "showAutomapDesecratedLevel": true,
        "showAutomapGameVersion": false,
        "showAutomapGameDifficulty": true,
        "showAutomapGameIPAddress": true,
        "showAutomapGameTypeExpansion": true,
    },
    "children": [
        {
            "type": "LayoutItemWidget", "name": "InfoTextWrapper",
            "fields": {
                "minHeight": 125,
                "marginRight": 12,
                "marginTop": 12,
                "marginBottom": 12,
            },
            "children": [
                {
                    "type": "TextBoxWidget", "name": "InfoText",
                    "fields": {
                        "fitToText": true,
                        "style": {
                            "pointSize": "$MediumFontSize",
                            "fontColor": "$FontColorGoldYellow",
                            "alignment": { "v": "top", "h": "right" },
                            "options": { "pipeCharacterBehavior": "handle","newlineHandling": "standard" },
                            "spacing": { "kerning": 0.9 }
                        },
                    }
                },
            ]
        },
        {
            "type": "LayoutItemWidget", "name": "TerrorZoneInfoTextWrapper",
            "fields": {
                "minHeight": 50,
                "marginRight": 12,
                "marginTop": -12,
                "marginBottom": 12,
            },
            "children": [
                {
                    "type": "TextBoxWidget", "name": "TerrorZoneInfoText",
                    "fields": {
                        "fitToText": true,
                        "fontType": "16pt",
                        "style": {
                            "pointSize": "$MediumFontSize",
                            "fontColor": { "r": 135, "g": 82, "b": 161 },
                            "alignment": { "v": "top", "h": "right" },
                            "options": { "pipeCharacterBehavior": "handle","newlineHandling": "standard" },
                            "spacing": { "kerning": 0.9 }
                        },
                    }
                },
            ]
        },
        {
            "type": "LayoutItemWidget", "name": "QuantityWarningWrapper",
            "fields": {
                "marginRight": 5,
                "marginTop": 47,
            },
            "children": [
               {
                  "type": "ImageWidget", "name": "HostileWarning",
                   "fields": {
                         "filename": "PANEL/hostilepic",
                         "transparency": 0.7,
                       }
              },
             ]
        },
        {
            "type": "DurabilityWidget", "name": "DurabilityWarning",
            "fields": {
                "requiredDamageLevel": "medium",
                "lowDamageFraction": 0.5,
                "mediumDamageFraction": 0.8,
                "highDamageFraction": 1.0,
                "damagedAlpha": 1.0,
                "undamagedAlpha": 1.0,
                "unwornAlpha": 1.0,
            }
        },
        {
            "type": "LayoutItemWidget", "name": "QuantityWarningWrapper",
            "fields": {
                "marginRight": 53,
                "marginTop": 15,
            },
            "children": [
                {
                    "type": "QuantityWidget", "name": "QuantityWarning",
                    "fields": {
                        "amountsArrowsBolts": { "low": 50, "medium": 25, "high": 10 },
                        "amountsJavelins": { "low": 15, "medium": 10, "high": 5 },
                        "amountsPotions": { "low": 5, "medium": 4, "high": 2 },
                        "amountsThrowingKnives": { "low": 15, "medium": 10, "high": 5 },
                        "amountsThrowingAxes": { "low": 5, "medium": 4, "high": 2 },
                    }
                }
            ]
        },
	//********************************************************
	//自启动代码开始部分，不能修改
	{"type": "TimerWidget","name": "TimerClose","fields":{"time": 0.1,"message": "PanelManager:OpenPanel:HUDWarningsCopy"}},
	//自启动代码开始部分，不能修改
	{"type": "TimerWidget","name": "TimerClose","fields":{"time": 0.1,"message": "PanelManager:OpenPanel:hudpanelCurrent"}},
	//********************************************************

	// 自动启动部分功能代码，需要关闭请注释或删除对应的代码，
	// 注释代码，请在代码左侧最前方打上 “ // ”（两个反斜杠）即可


	//--------默认开启，但可以自行设置的功能---------
	//快速大厅按钮
	{"type": "TimerWidget","name": "TimerClose","fields":{"time": 0.1,"message": "PanelManager:OpenPanel:hubQuickJoinGameButton"}},
	//自动启动显示房间名
	{"type": "TimerWidget","name": "TimerClose","fields":{"time": 0.1,"message": "PanelManager:OpenPanel:MdkmodShowGameNameLayout"}},
	//自动启动显示房间名后自动显示房间密码
	{"type": "TimerWidget","name": "TimerClose","fields":{"time": 0.1,"message": "PanelManager:OpenPanel:ShowPasswordTimerPanel"}},
	//------------------------------------------------------
	


	//下面这句是自动启动代码结束部分，不能修改
	{"type": "TimerWidget","name": "TimerClose","fields":{"time": 0.1,"message": "PanelManager:ClosePanel:HUDWarnings"}},
    
    ]
}
