{
    "type": "MainMenuHDPanel", "name": "MainMenuPanel",
    "fields": {
        //"priority": 10,
        "fitToParent": true,
        "onlinePlayButtonPosition": { "x": -624, "y": 1865 },
        "offlinePlayButtonPosition": { "x": -305, "y": 1900 },
        "playerClassScale": [
            { "playerClass": "Assassin", "scale": 1.12 },
            { "playerClass": "Amazon", "scale": 1.05 },
            { "playerClass": "Druid", "scale": 0.97 },
            { "playerClass": "Sorceress", "scale": 1.11 },
        ],
        "deadHardcoreTint": { "r": 1.0, "g": 0.3, "b": 0.3, "a": 1.0 },
    },
    "children": [
        {
            "type": "Camera3DWidget", "name": "Act1Camera",
            "fields": {
                "yawDegrees": -90,
                "pitchDegrees": -1,
                "fovDegrees": 42,
                "position": [ 50, 4, 483 ],
                "activateOnMessage": "CharacterSelect:SelectAct:Act1",
                "activateOnOpened": true,
                "frustumBoundsMin": [ -300.0, -2.0, 430.0 ],
                "frustumBoundsMax": [ 60.0, 60.0, 550.0 ],
                "playerBoundsMin": [ 30.0, 0.0, 475.0 ],
                "playerBoundsMax": [ 40.0, 10.0, 490.0 ],
                "enableOutdoorShadow": true,
                "overrideFrustumBoundsOnActivate": true,
                "visDataPath": "data/hd/env/vis/ui_frontend_act1_vignette.json",
                "iblDataPath": "data/hd/env/ibl/act3_IW_over29_CUBEMAP.ibls",
            }
        },
        {
            "type": "Camera3DWidget", "name": "Act2Camera",
            "fields": {
                "yawDegrees": -90,
                "pitchDegrees": -1.0,
                "fovDegrees": 42,
                "position": [ 80, 4, 110 ],
                "activateOnMessage": "CharacterSelect:SelectAct:Act2",
                "frustumBoundsMin": [ -60.0, 0.0, 60.0 ],
                "frustumBoundsMax": [ 70.0, 10.0, 120.2 ],
                "playerBoundsMin": [ 60.0, 0.0, 105.0 ],
                "playerBoundsMax": [ 75.0, 10.0, 115.0 ],
                "enableOutdoorShadow": true,
                "overrideFrustumBoundsOnActivate": true,
                "visDataPath": "data/hd/env/vis/ui_frontend_act2_vignette.json",
                "iblDataPath": "data/hd/env/ibl/act3_IW_over29_CUBEMAP.ibls",
            }
        },
        {
            "type": "Camera3DWidget", "name": "Act3Camera",
            "fields": {
                "yawDegrees": -90,
                "pitchDegrees": -1.0,
                "fovDegrees": 42,
                "position": [ 23, 4, -313.5 ],
                "activateOnMessage": "CharacterSelect:SelectAct:Act3",
                "frustumBoundsMin": [ -200.0, 0.0, -250 ],
                "frustumBoundsMax": [ 60.0, 20.0, -350 ],
                "playerBoundsMin": [ 0.0, 0.0, -307 ],
                "playerBoundsMax": [ 17.0, 10.0, -320 ],
                "enableOutdoorShadow": true,
                "overrideFrustumBoundsOnActivate": true,
                "visDataPath": "data/hd/env/vis/ui_frontend_act3_vignette.json",
                "iblDataPath": "data/hd/env/ibl/act3_IW_over29_CUBEMAP.ibls",
            }
        },
        {
            "type": "Camera3DWidget", "name": "Act4Camera",
            "fields": {
                "yawDegrees": -90,
                "pitchDegrees": -1.0,
                "fovDegrees": 42,
                "position": [ 30, 4, -789 ],
                "activateOnMessage": "CharacterSelect:SelectAct:Act4",
                "frustumBoundsMin": [ -100.0, 0.0, -700.0 ],
                "frustumBoundsMax": [ 60.0, 50.0, -850.0 ],
                "playerBoundsMin": [ 0.0, 0.0, -780.0 ],
                "playerBoundsMax": [ 30.0, 15.0, -800.0],
                "enableOutdoorShadow": true,
                "overrideFrustumBoundsOnActivate": true,
                "visDataPath": "data/hd/env/vis/ui_frontend_act4_vignette.json",
                "iblDataPath": "data/hd/env/ibl/act3_IW_over29_CUBEMAP.ibls",
            }
        },
        {
            "type": "Camera3DWidget", "name": "Act5Camera",
            "fields": {
                "yawDegrees": -90,
                "pitchDegrees": -1.0,
                "fovDegrees": 42,
                "position": [ 34, 4, -1258.5 ],
                "activateOnMessage": "CharacterSelect:SelectAct:Act5",
                "frustumBoundsMin": [ -60.0, -15.0, -1200.0 ],
                "frustumBoundsMax": [ 30.0, 30.0, -1280.0 ],
                "playerBoundsMin": [ 10.0, -2.0, -1250.0 ],
                "playerBoundsMax": [ 30.0, 10.0, -1270.0 ],
                "enableOutdoorShadow": true,
                "overrideFrustumBoundsOnActivate": true,
                "visDataPath": "data/hd/env/vis/ui_frontend_act5_vignette.json",
                "iblDataPath": "data/hd/env/ibl/act3_IW_over29_CUBEMAP.ibls",
            }
        },
        {
            "type": "PlayerLoaderWidget", "name": "PreloadAmazon",
            "fields": {
                "playerClass": "Amazon",
                "animation": "FrontendNeutral",
                "animationSpeed": 0,
                "captureInView": "$INT_MAX"
            }
        },
        {
            "type": "PlayerLoaderWidget", "name": "PreloadSorceress",
            "fields": {
                "playerClass": "Sorceress",
                "animation": "FrontendNeutral",
                "animationSpeed": 0,
                "captureInView": "$INT_MAX"
            }
        },
        {
            "type": "PlayerLoaderWidget", "name": "PreloadNecromancer",
            "fields": {
                "playerClass": "Necromancer",
                "animation": "FrontendNeutral",
                "animationSpeed": 0,
                "captureInView": "$INT_MAX"
            }
        },
        {
            "type": "PlayerLoaderWidget", "name": "PreloadPaladin",
            "fields": {
                "playerClass": "Paladin",
                "animation": "FrontendNeutral",
                "animationSpeed": 0,
                "captureInView": "$INT_MAX"
            }
        },
        {
            "type": "PlayerLoaderWidget", "name": "PreloadBarbarian",
            "fields": {
                "playerClass": "Barbarian",
                "animation": "FrontendNeutral",
                "animationSpeed": 0,
                "captureInView": "$INT_MAX"
            }
        },
        {
            "type": "PlayerLoaderWidget", "name": "PreloadDruid",
            "fields": {
                "playerClass": "Druid",
                "animation": "FrontendNeutral",
                "animationSpeed": 0,
                "captureInView": "$INT_MAX"
            }
        },
        {
            "type": "PlayerLoaderWidget", "name": "PreloadAssassin",
            "fields": {
                "playerClass": "Assassin",
                "animation": "FrontendNeutral",
                "animationSpeed": 0,
                "captureInView": "$INT_MAX"
            }
        },
        {
            "type": "PlayerLoaderWidget", "name": "Player",
            "fields": {
                "position": [ 56.0, 0.18, 109.0 ],
                "yawDegrees": 65,
                "animation": "FrontendNeutral"
            }
        },
        {
            "type": "PlayerMoverWidget", "name": "Act1Player",
            "fields": {
                "position": [ 36, 0.5, 483.0 ],
                "yawDegrees": 75,
                "activateOnMessage": "CharacterSelect:SelectAct:Act1",
            }
        },
        {
            "type": "PlayerMoverWidget", "name": "Act2Player",
            "fields": {
                "position": [ 66, 0.5, 110.0 ],
                "yawDegrees": 75,
                "activateOnMessage": "CharacterSelect:SelectAct:Act2",
            }
        },
        {
            "type": "PlayerMoverWidget", "name": "Act3Player",
            "fields": {
                "position": [ 9, 0.5, -313.5 ],
                "yawDegrees": 75,
                "activateOnMessage": "CharacterSelect:SelectAct:Act3",
            }
        },
        {
            "type": "PlayerMoverWidget", "name": "Act4Player",
            "fields": {
                "position": [ 16, 0.5, -789 ],
                "yawDegrees": 75,
                "activateOnMessage": "CharacterSelect:SelectAct:Act4",
            }
        },
        {
            "type": "PlayerMoverWidget", "name": "Act5Player",
            "fields": {
                "position": [ 20.0, 0.5, -1258.5 ],
                "yawDegrees": 75,
                "activateOnMessage": "CharacterSelect:SelectAct:Act5",
            }
        },
        
        
        {
            "type": "ButtonWidget", "name": "MDKQuickCreateGame",
            "fields": {
                "anchor": {"x": 1.0},
                "rect": { "x": -1700, "y": 20, "scale": 0.55 },
                "filename": "FrontEnd\\HD\\Final\\FrontEnd_ButtonLarge",
                "textString": "快速创建游戏",
              "onClickMessage": "PanelManager:OpenPanel:MDKModOpenQuickLobbyCreateGame",
                "text/style": "$StyleFEButtonText",
                "pointSize": 53,
                "textColor": "$FontColorLightYellow",
                "hoveredFrame": 3,
                "disabledFrame": 2,
                "disabledTint": { "a": 1.0 },
                "sound": "cursor_launch_game_hd",
            }
        },
        {
            "type": "ImageWidget", "name": "MDKDivider",
            "fields": {
                "anchor": {"x": 1.0},
                "rect": { "x": -1365, "y": 2, "scale": 0.55 },
                "filename": "FrontEnd/HD/Final/FrontEnd_Divider"
            },
        },
        {
            "type": "ButtonWidget", "name": "MDKQuickJoinGame",
            "fields": {
                "anchor": {"x": 1.0},
                "rect": { "x": -1343, "y": 20, "scale": 0.55 },
                "filename": "FrontEnd\\HD\\Final\\FrontEnd_ButtonLarge",
                "textString": "快速加入游戏",
              "onClickMessage": "PanelManager:OpenPanel:MDKModOpenQuickLobbyJoinGame",
                "text/style": "$StyleFEButtonText",
                "pointSize": 53,
                "textColor": "$FontColorLightYellow",
                "hoveredFrame": 3,
                "disabledFrame": 2,
                "disabledTint": {"a": 1.0 },
            }
        },
        
	//右上角快速游戏按钮
    	{
		"type": "ButtonWidget", "name": "MDKQuickPlayButton2Normal",
		"fields": {
                "anchor": { "x": 1.0 },
			"rect": { "x": -945, "y": 10, "scale": 0.8},
			"filename": "Questicons\\a1q1",
			"textString": "",
			"tooltipString": "快速开始普通难度",  //@QuickStartGame\n@QuickStartGameTooltipString",
			"onClickMessage": "CharacterSelect:LoadCharacter:0",
			"text/style": "$StyleFEButtonText",
			"pointSize": 56,
			"textColor": "$FontColorGreen",
	              "normalFrame": 3,
	              "pressedFrame": 25,
			"hoveredFrame": 0,
			"disabledFrame": 2,
			"disabledTint": { "a": 1.0 },
			"sound": "cursor_launch_game_hd",
		}
	},
    	{
		"type": "ButtonWidget", "name": "MDKQuickPlayButton2Nightmare",
		"fields": {
                "anchor": { "x": 1.0 },
			"rect": { "x": -945, "y": 160, "scale": 0.8},
			"filename": "Questicons\\a4q3",
			"textString": "",
			"tooltipString": "快速开始噩梦难度",  //@QuickStartGame\n@QuickStartGameTooltipString",
			"onClickMessage": "CharacterSelect:LoadCharacter:1",
			"text/style": "$StyleFEButtonText",
			"pointSize": 56,
			"textColor": "$FontColorGreen",
	              "normalFrame": 10,
	              "pressedFrame": 25,
			"hoveredFrame": 0,
			"disabledFrame": 2,
			"disabledTint": { "a": 1.0 },
			"sound": "cursor_launch_game_hd",
		}
	},
    	{
		"type": "ButtonWidget", "name": "MDKQuickPlayButton2Hell",
		"fields": {
                "anchor": { "x": 1.0 },
			"rect": { "x": -945, "y": 310, "scale": 0.8},
			"filename": "Questicons\\a5q6",
			"textString": "",
			"tooltipString": "快速开始地狱难度",  //@QuickStartGame\n@QuickStartGameTooltipString",
			"onClickMessage": "CharacterSelect:LoadCharacter:2",
			"text/style": "$StyleFEButtonText",
			"pointSize": 56,
			"textColor": "$FontColorGreen",
	              "normalFrame": 10,
	              "pressedFrame": 25,
			"hoveredFrame": 0,
			"disabledFrame": 2,
			"disabledTint": { "a": 1.0 },
			"sound": "cursor_launch_game_hd",
		}
	},

	
                {
                    "type": "ButtonWidget", "name": "FriendList",
                    "fields": {
        			        "anchor": { "x": 0.0 , "y": 0.7},
				//"rect": { "x": 321, "y": 1500 ,"scale": 0.65},
				"rect": { "x": 820, "y": 290 ,"scale": 1.0},
				"filename": "Lobby\\Friends_Button",
				"textString": "",
				"onClickMessage": "PanelManager:TogglePanel:FriendsListPanel",
				//"onClickMessage": "PanelManager:TogglePanel:MDKModLobbychatpanel",
				//"onClickMessage": "PanelManager:TogglePanel:ChatPanel",
				"textColor": "$LightButtonTextColor",
				"focusIndicatorFilename": "Controller/HoverImages/chatgem_hover",
				"text/style": "$StyleFEButtonText",
				"focusIndicatorVisible": true,
				"hoveredFrame": 0,
				"tooltipString": "@FriendsList\n直接激活朋友列表",
				"navigation": {"right": { "panelBoundary": true },
                            "up": { "name": "ModSetup" },
                            "down": { "name": "D2Website" },
                        	}
                    }
                },


       
        
        // 屏幕中间隐藏的快速游戏按钮
        {
            "type": "ButtonWidget", "name": "MDKQuickPlayButtonCenter",
            "fields": {
                "anchor": { "x": 0.5, "y": 0.3 },
                "rect": { "x": -300, "y": 0, "width":600,"height":800, "scale": 1},
                //"filename": "controller\\panel\\escapemenu\\escapeoptions_button",
                "textString": "",
                "tooltipString": "快速开始最高难度", //@QuickStartGameTooltipString",
                "onClickMessage": "CharacterSelect:LoadCharacter:2",
                "text/style": "$StyleFEButtonText",
                "pointSize": 46,
                "textColor": "$FontColorGreen",
                "hoveredFrame": 3,
                "disabledFrame": 2,
                "disabledTint": { "a": 1.0 },
                "sound": "cursor_launch_game_hd",
            }
        },
        
        
        
        
        {
            "type": "ButtonWidget", "name": "QuickPlayButton",
            "fields": {
                "anchor": { "x": 0.5 },
                "rect": { "x": -1010, "y": 1865 },
                "filename": "FrontEnd\\HD\\Final\\FrontEnd_ButtonLarge",
                "textString": "@PlayTab",
                "onClickMessage": "MainMenuHD:Play",
                "text/style": "$StyleFEButtonText",
                "pointSize": "$ExtraLargeFontSize",
                "textColor": "$LightButtonTextColor",
                "hoveredFrame": 3,
                "disabledFrame": 2,
                "disabledTint": { "a": 1.0 },
                "sound": "cursor_launch_game_hd",
            },
            "children": [
                {
                    "type": "ButtonWidget", "name": "OnlinePlaySettingsButton",
                    "fields": {
                        "anchor": { "x": 0.5, "y": 1.0 },
                        "rect": { "x": -47, "y": 8 },
                        "filename": "FrontEnd\\HD\\Final\\FrontEnd_Cog",
                        "tooltipString": "@GameCreationHD",
                        "onClickMessage": "PanelManager:OpenPanel:OnlineGameSettingsPanel",
                        "hoveredFrame": 2,
                        "disabledFrame": 3,
                        "disabledTint": { "a": 1.0 },
                    }
                },
                
            ] 
        },
        {
            "type": "ImageWidget", "name": "Divider",
            "fields": {
                "anchor": {"x": 0.5},
                "rect": { "x": -17, "y": 1827 },
                "filename": "FrontEnd/HD/Final/FrontEnd_Divider"
            },
        },
        {
            "type": "ButtonWidget", "name": "SecondaryContextButton",
            "fields": {
                "anchor": {"x": 0.5 },
                "rect": { "x": 17, "y": 1865 },
                "filename": "FrontEnd\\HD\\Final\\FrontEnd_ButtonLarge",
                "onClickMessage": "FrontEndNavigation:ToLobby",
                "text/style": "$StyleFEButtonText",
                "pointSize": "$ExtraLargeFontSize",
                "textColor": "$LightButtonTextColor",
                "hoveredFrame": 3,
                "disabledFrame": 2,
                "disabledTint": {"a": 1.0 },
            }
        },
        {
            "type": "RectangleWidget", "name": "PlayerInfoContainer",
            "fields": {
                "anchor": {"x": 1.0},
                "rect": { "x": -1740, "y": 1400, "width": 930, "height": 420 },
                "color": [ 0.0, 0.0, 0.0, 0.0 ],
            },
            "children": [
            {
                    "type": "TextBoxWidget", "name": "UsabilityWarning",
                    "fields": {
                        "rect": { "x": 0, "y": 0, "width": 841 },
                        "fontType": "16pt",
                        "style": {
                            "pointSize": "$MediumFontSize",
                            "alignment": { "h": "center", "v": "center" },
                            "dropShadow": "$DefaultDropShadow",
                            "spacing": "$ReducedSpacing",
                            "fontColor" : "$CharacterListDetailsColor"
                        },
                        "text": "@GameJoinDoesNotMeetRequirements"
                    }
                },
                {
                    "type": "TextBoxWidget", "name": "LevelRequirement",
                    "fields": {
                        "rect": { "x": 0, "y": 60, "width": 841 },
                        "fontType": "16pt",
                        "style": {
                            "pointSize": "$MediumFontSize",
                            "alignment": { "h": "center", "v": "center" },
                            "dropShadow": "$DefaultDropShadow",
                            "spacing": "$ReducedSpacing",
                            "fontColor" : "$CharacterListDetailsColor"
                        },
                        "text": "You cannot use this character"
                    }
                },
                {
                    "type": "TextBoxWidget", "name": "DifficultyRequirement",
                    "fields": {
                        "rect": { "x": 0, "y": 120, "width": 841 },
                        "fontType": "16pt",
                        "style": {
                            "pointSize": "$MediumFontSize",
                            "alignment": { "h": "center", "v": "center" },
                            "dropShadow": "$DefaultDropShadow",
                            "spacing": "$ReducedSpacing",
                            "fontColor" : "$CharacterListDetailsColor"
                        },
                        "text": "You cannot use this character"
                    }
                },
                {
                    "type": "TextBoxWidget", "name": "LadderRequirement",
                    "fields": {
                        "rect": { "x": 0, "y": 180, "width": 841 },
                        "fontType": "16pt",
                        "style": {
                            "pointSize": "$MediumFontSize",
                            "alignment": { "h": "center", "v": "center" },
                            "dropShadow": "$DefaultDropShadow",
                            "spacing": "$ReducedSpacing",
                            "fontColor" : "$CharacterListDetailsColor"
                        },
                        "text": "You cannot use this character"
                    }
                },
                {
                    "type": "TextBoxWidget", "name": "HardcoreRequirement",
                    "fields": {
                        "rect": { "x": 0, "y": 240, "width": 841 },
                        "fontType": "16pt",
                        "style": {
                            "pointSize": "$MediumFontSize",
                            "alignment": { "h": "center", "v": "center" },
                            "dropShadow": "$DefaultDropShadow",
                            "spacing": "$ReducedSpacing",
                            "fontColor" : "$CharacterListDetailsColor"
                        },
                        "text": "You cannot use this character"
                    }
                },
                {
                    "type": "TextBoxWidget", "name": "ExpansionRequirement",
                    "fields": {
                        "rect": { "x": 0, "y": 300, "width": 841 },
                        "fontType": "16pt",
                        "style": {
                            "pointSize": "$MediumFontSize",
                            "alignment": { "h": "center", "v": "center" },
                            "dropShadow": "$DefaultDropShadow",
                            "spacing": "$ReducedSpacing",
                            "fontColor" : "$CharacterListDetailsColor"
                        },
                        "text": "You cannot use this character"
                    }
                },
                {
                    "type": "TextBoxWidget", "name": "OnlineRequirement",
                    "fields": {
                        "rect": { "x": 0, "y": 360, "width": 841 },
                        "fontType": "16pt",
                        "style": {
                            "pointSize": "$MediumFontSize",
                            "alignment": { "h": "center", "v": "center" },
                            "dropShadow": "$DefaultDropShadow",
                            "spacing": "$ReducedSpacing",
                            "fontColor" : "$CharacterListDetailsColor"
                        },
                        "text": "@GameJoinOnlineCharacter"
                    }
                },
            ]
        },
    ]
}
