{
    "type": "Panel", "name": "MainMenuButtonRibbon",
    "fields": {
        "anchor": { "x": 0.0 },
    },
    "children": [
        {
            "type": "ImageWidget", "name": "Ribbon",
            "fields": { "rect": { "x": 0, "y": 0 }, "filename": "FrontEnd/HD/Final/FrontEnd_LeftPanel" },
            "children": [
                {
                    "type": "AnimatedImageWidget", "name": "FullGlow",
                    "fields": {
                        "rect": { "x": 111, "y": 196 },
                        "filename": "LogoAnimation/FullGlow_PC",
                        "fps": 20,
                    },
                },
                {
                    "type": "AnimatedImageWidget", "name": "Logo",
                    "fields": {
                        "rect": { "x": 113, "y": 170 },
                        "filename": "LogoAnimation/LogoAnimation",
                        "fps": 20,
                    },
                },
                {
                    "type": "ImageWidget", "name": "ResurrectedText",
                    "fields": {
                        "rect": { "x": 170, "y": 500 },
                        "filename": "LogoAnimation/ResurrectedText",
                    },
                },
                {
                    "type": "AnimatedImageWidget", "name": "BottomFlames",
                    "fields": {
                        "rect": { "x": 272, "y": 538 },
                        "filename": "LogoAnimation/Logo_BottomFlame",
                        "fps": 20,
                    },
                },
                {
                    // Will Mod's Info
                    "type": "ButtonWidget", "name": "WillModInfo",
                    "fields": {
                        "rect": { "x": 165, "y": 600 },
                        "filename": "FrontEnd\\HD\\Final\\FrontEnd_ButtonMed",
                        "textString": "Will Mod  v2.8",
                        "onClickMessage": "PanelManager:OpenPanel:WillModInfo",
                        "textColor": "$LightButtonTextColor",
                        "text/style": "$StyleFEButtonText",
                        "hoveredFrame": 3,
                        "disabledFrame": 2,
                    }
                },
                {
                    "type": "ButtonWidget", "name": "Settings",
                    "fields": {
                        "rect": { "x": 165, "y": 820 },
                        "filename": "FrontEnd\\HD\\Final\\FrontEnd_ButtonMed",
                        "textString": "@OptionsHD",
                        "onClickMessage": "PanelManager:OpenPanel:SettingsPanel",
                        "textColor": "$LightButtonTextColor",
                        "text/style": "$StyleFEButtonText",
                        "hoveredFrame": 3,
                        "disabledFrame": 2,
                    }
                },
                {
                    "type": "ButtonWidget", "name": "Cinematics",
                    "fields": {
                        "rect": { "x": 165, "y": 960 },
                        "filename": "FrontEnd\\HD\\Final\\FrontEnd_ButtonMed",
                        "textString": "@strGameCinematics",
                        "onClickMessage": "FrontEndNavigation:ToCinematics",
                        "textColor": "$LightButtonTextColor",
                        "text/style": "$StyleFEButtonText",
                        "hoveredFrame": 3,
                        "disabledFrame": 2,
                    }
                },
                {
                    "type": "ButtonWidget", "name": "Credits",
                    "fields": {
                        "rect": { "x": 165, "y": 1100 },
                        "filename": "FrontEnd\\HD\\Final\\FrontEnd_ButtonMed",
                        "textString": "@strGameCredits",
                        "onClickMessage": "PanelManager:OpenPanel:CreditsModal",
                        "textColor": "$LightButtonTextColor",
                        "text/style": "$StyleFEButtonText",
                        "hoveredFrame": 3,
                        "disabledFrame": 2,
                    }
                },
                {
                    "type": "ButtonWidget", "name": "Exit",
                    "fields": {
                        "rect": { "x": 165, "y": 1240 },
                        "filename": "FrontEnd\\HD\\Final\\FrontEnd_ButtonMed",
                        "textString": "@strexitentiregame",
                        "onClickMessage": "FrontEndNavigation:ToExit",
                        "textColor": "$LightButtonTextColor",
                        "text/style": "$StyleFEButtonText",
                        "hoveredFrame": 3,
                        "disabledFrame": 2,
                    }
                },
            ]
        },
        {
            "type": "Widget", "name": "MotDSection",
            "children": [
                {
                    "type": "NineTileImageWidget", "name": "MotDHeaderTile",
                    "fields": {
                        "filename": "PANEL/TooltipBorder/TooltipBorder",
                        "backgroundColor": [ 0.0, 0.0, 0.0, 0.80 ],
                        "tileScale": 1.0,
                        "rect": { "x": 87, "y": 1542, "width": 631, "height": 0 },
                    },
                    "children": [
                        {
                            "type": "TextBoxWidget", "name": "MotDHeaderText",
                            "fields": {
                                "text": "@MessageOfTheDayTitle",
                                "fitToParent": true,
                                "style": {
                                    "pointSize": "$MediumLargeFontSize",
                                    "alignment": { "v": "center", "h": "center" },
                                    "fontColor": "$FontColorGold",
                                }
                            }
                        },
                    ]
                },
                {
                    "type": "NineTileImageWidget", "name": "MotDBodyTile",
                    "fields": {
                        "filename": "PANEL/TooltipBorder/TooltipBorder",
                        "backgroundColor": [ 0.0, 0.0, 0.0, 0.80 ],
                        "tileScale": 1.0,
                        "rect": { "x": 87, "y": 1588, "width": 631, "height": 490 },
                    },
                    "children": [
                        {
                            "type": "ImageWidget", "name": "ScrollBarBackground",
                            "fields": {
                                "rect": { "x": 605, "y": 8 },
                                "filename": "FrontEnd\\HD\\Final\\FrontEnd_ScrollbarSmall",
                            },
                            "children": [
                                {
                                    "type": "ScrollControllerWidget", "name": "MotDScrollBar",
                                    "fields": {
                                        "rect": { "x": 5, "y": 31, "width": 24, "height": 420 },
                                        "upArrowFilepath": "FrontEnd\\HD\\Final\\FrontEnd_ScrollUpBtn",
                                        "downArrowFilepath": "FrontEnd\\HD\\Final\\FrontEnd_ScrollDownBtn",
                                        "barFilepath": "FrontEnd\\HD\\Final\\FrontEnd_ScrollIndicator",
                                        "viewName": "MotDScrollView",
                                        "buttonScrollAmount": 80,
                                    }
                                },
                            ]
                        },
                        {
                            "type": "ScrollViewWidget", "name": "MotDScrollView",
                            "fields": {
                                "rect": { "x": 4, "y": 4, "width": 600, "height": 486 },
                                "scrollControllerName": "MotDScrollBar",
                                "clipChildrenDraw": true,
                            },
                            "children": [
                                {
                                    "type": "TextBoxWidget", "name": "MotDBodyText",
                                    "fields": {
                                        "rect": { "x": 4, "y": 4, "width": 594, "height": 500 },
                                        "text": "",
                                        "fitToText": true,
                                        "style": {
                                            "fontFace": "BlizzardGlobal",
                                            "pointSize": "$MediumFontSize",
                                            "alignment": { "v": "top", "h": "center" },
                                            "spacing": { "leading": 0.9 },
                                            "options": { "pipeCharacterBehavior": "handle", "newlineHandling": "standard", "lineWrap": true },
                                        },
                                    }
                                },
                            ]
                        },
                    ]
                },
            ]
        },
    ]
}
