{
    "type": "Panel", "name": "MDKModOpenQuickLobbyJoinGame",
    /*"fields": {
		"anchor": {
			"x": 0.5,
			"y": 0.5
		},
		"isDismissable": false
    },*/
    "children": [
	{"type": "TimerWidget","name": "TimerClose",
	"fields":{"time": 0.1,"message": "PanelManager:TogglePanel:JoinGamePanel"}},
	{"type": "TimerWidget","name": "TimerClose",
	"fields":{"time": 0.1,"message": "PanelManager:ClosePanel:CreateGamePanel"}},

	{"type": "TimerWidget","name": "TimerClose",
	"fields":{"time": 0.1,"message": "PanelManager:ClosePanel:MDKModOpenQuickLobbyJoinGame"}},

    ]
}