 {
    "type": "PartyPanel", "name": "MdkmodShowGameNameLayout",
    "fields": {
        "priority": -5,
        //"rect": { "x": -1394, "y": -651, "width": 1162, "height": 1507 },
        "fitToParent": true,
        "hostileColor": "$FontColorRed",
        "yourPartyColor": "$FontColorPartyGreen",
        "inAnotherPartyColor": "$FontColorPartyOrange",
        "unpartiedColor": "$FontColorWhite",
        "nonHardcoreSquelchXPosition": 835,
        "hardcoreSquelchXPosition": 885,
        "partyFrameFilename": "X"
    },
    "children": [
    

        {
            "type": "TextBoxWidget", "name": "GameNameHeadingText",
            "fields": {
      		"anchor": { "x": 1.0, "y": 0.0 },
                "rect": { "x": -1000, "y": 20, "width": 160, "height": 30 },
                //"rect": { "x": 390, "y": -5, "width": 160, "height": 30 },
                "text": "@strGameName",
                "style": "$StylePartyPanelSmallHeading"
            }
        },

        {
            "type": "TextBoxWidget", "name": "GameNameText",
            "fields": {
      		"anchor": { "x": 1.0, "y": 0.0 },
                "rect": { "x": -850, "y": 17, "width": 274, "height": 36 },
                //"rect": { "x": 540, "y": -5, "width": 274, "height": 36 },
                "text": "xxxxxxxxx",
                "style": "$StylePartyPanelGameInfo",
                "truncateWithEllipsis": true,
            },
            "children": [
                {
                    "type": "FocusableWidget", "name": "GameNameTooltip",
                    "fields": {
                        "fitToParent": true,
                    }
                }
            ]
        },

        {
            "type": "TextBoxWidget", "name": "PasswordHeadingText",
            "fields": {
      		"anchor": { "x": 1.0, "y": 0.0 },
                "rect": { "x": -580, "y": 20, "width": 160, "height": 30 },
                //"rect": { "x": 810, "y": -5, "width": 160, "height": 30 },
                "text": "@strPassword",
                "style": "$StylePartyPanelSmallHeading",
                "onClickMessage": "PanelManager:ClosePanel:MdkmodShowGameNameLayout",
            }
        },
        {
            "type": "TextBoxWidget", "name": "PasswordText",
            "fields": {
      		"anchor": { "x": 1.0, "y": 0.0 },
                "rect": { "x": -430, "y": 17, "width": 274, "height": 36 },
                //"rect": { "x": 960, "y": -5, "width": 274, "height": 36 },
                "text": "xxxxxxxxx",
                "style": "$StylePartyPanelGameInfo",
                //"truncateWithEllipsis": true,
            },
            "children": [
                {
                    "type": "FocusableWidget", "name": "GamePasswordTooltip",
                    "fields": {
                        "fitToParent": true,
                    }
                }
            ]
        },
      /* {
            "type": "ButtonWidget", "name": "close",
            "fields": {
        	"priority": 6,
                "rect": { "x": 840, "y": -5, "width": 420, "height": 74 },
                //"rect": { "x": 1100, "y": 0 , "scale": 0.6},
                //"filename": "PANEL\\closebtn_4x",
                "tooltipString": "@strClose",
                "sound": "cursor_close_window_hd",
                "hoveredFrame": 3,
                "onClickMessage": "PanelManager:ClosePanel:MdkmodShowGameNameLayout",
            },
        },*/
        {
            "type": "ButtonWidget", "name": "ShowHidePasswordButton",
            "fields": {
      		"anchor": { "x": 1.0, "y": 0.0 },
                "rect": { "x": -90, "y": 20 , "scale": 1},
                //"rect": { "x": 1300, "y": -5 , "scale": 1},
                //"rect": { "x": 850, "y": 155 },
                "filename": "PANEL\\Party\\EyeBTN",
                "tooltipString": "@ShowHidePasswordTooltip",
                "disabledFrame": 2,
                "hoveredFrame": 3,
                "onClickMessage": "PartyPanelMessage:ShowPassword",
            },
        },

///////////////////////////////////////////

        {
            "type": "ListWidget", "name": "ListContainer",
            "fields": {
                "direction": "vertical",
    		"anchor": { "x": 0, "y": 0 },
                "rect": { "x": -99120, "y": 255, "width": 300, "height": 1578 },
                //"rect": { "x": 120, "y": 255, "width": 300, "height": 1578 },
            },
            "children": [
                {
                    "type": "ListItemWidget", "name": "FriendsListTemplate",
                    "fields": {
                        "rect": { "x": 0, "y": 0, "width": 300, "height": 205 },
                        "focusOnMouseOver": false,
                    },
                    "children": [
                        {
                            "type": "ImageWidget", "name": "ListBackground",
                            "fields": {
                                "rect": { "x": 0, "y": 5 },
                                "filename": "xPANEL\\Party\\CharacterTile",
                            }
                        },
                        {
                            "type": "TextBoxWidget", "name": "PlayerName",
                            "fields": {
                                "rect": { "x": -9108, "y": 14, "width": 300, "height": 46 },
                                "style": {
                                    "fontColor": "$FontColorGold",
                                    "pointSize": "$MediumPanelFontSize",
                                    "alignment": { "h": "left", "v": "center" },
                                    "options": { "newlineHandling": "standard", "pipeCharacterBehavior" : "handle" },
                                    "spacing": { "leading": 1.0 },
                                },
                                "text": "",
                                "truncateWithEllipsis": true,
                            }
                        },
                        //**********************************************
                        {
                            "type": "TextBoxWidget", "name": "PlayerInfo",
                            "fields": {
                                "rect": { "x": 105, "y": 126, "width": 300, "height": 68, "scale": 0.8 },
                                "style": {
                                    "fontColor": "$FontColorGold",
                                    "pointSize": "$SmallPanelFontSize",
                                    "alignment": { "h": "left", "v": "top" },
                                    "options": { "newlineHandling": "standard", "pipeCharacterBehavior" : "handle", "lineWrap": true },
                                    "spacing": { "leading": 0.95 },
                                },
                                "text": "",
                                "truncateWithEllipsis": true,
                            }
                        },
                        //***************************************************
                        {
                            "type": "TextBoxWidget", "name": "PartyInfoText",
                            "fields": {
                                "rect": { "x": 58, "y": 10, "width": 296, "height": 98, "scale": 0.8  },
                                "style": {
                                    "fontColor": { "r": 255, "g": 168, "b": 0, "a": 255 },
                                    "alignment": { "h": "center", "v": "center" },
                                    "pointSize": "$SmallPanelFontSize",
                                    "spacing": "$MinimumSpacing",
                                    "options": { "newlineHandling": "standard", "pipeCharacterBehavior" : "handle", "lineWrap": true },
                                },
                                "text": "@Inparty"
                            }
                        },
                        //***************************************************
                        {
                            "type": "ToggleButtonWidget", "name": "LootBodyButton",
                            "fields": {
                                "rect": { "x": -9785, "y": 33 },
                                "filename": "xPANEL\\Party\\LootBody",
                                "onClickMessage": "PartyPanelMessage:ToggleLootBody",
                                "untoggledFrame": 0,
                                "untoggledPressedFrame": 1,
                                "untoggledDisabledFrame": 2,
                                "untoggledHoveredFrame": 3,
                                "toggledFrame": 4,
                                "toggledPressedFrame": 5,
                                "toggledHoveredFrame": 6,
                            },
                        },
                        {
                            "type": "ToggleButtonWidget", "name": "SquelchPlayerButton",
                            "fields": {
                                "rect": { "x": -9915, "y": 33 },
                                "filename": "xPANEL\\Party\\Squelch",
                                "onClickMessage": "PartyPanelMessage:ToggleSquelchPlayer",
                                "untoggledFrame": 0,
                                "untoggledPressedFrame": 1,
                                "untoggledDisabledFrame": 2,
                                "untoggledHoveredFrame": 3,
                                "toggledFrame": 4,
                                "toggledPressedFrame": 5,
                                "toggledHoveredFrame": 6,
                            },
                        },
                        {
                            "type": "ToggleButtonWidget", "name": "HostileButton",
                            "fields": {
                                "rect": { "x": -9915, "y": 33 },
                                "filename": "xPANEL\\Party\\PVP",
                                "onClickMessage": "PartyPanelMessage:ToggleHostile",
                                "untoggledFrame": 4,
                                "untoggledPressedFrame": 5,
                                "untoggledHoveredFrame": 6,
                                "toggledFrame": 0,
                                "toggledPressedFrame": 1,
                                "toggledHoveredFrame": 3,
                                "disabledTint": [1.0, 0, 0, 1.0]
                            },
                        },
                        {
                            "type": "ButtonWidget", "name": "InviteButton",
                            "fields": {
                                "rect": { "x": -9458, "y": 29 },
                                "filename": "xPANEL\\Party\\InviteButton",
                                "onClickMessage": "PartyPanelMessage:ProcessInviteButton",
                                "textColor": "$FontColorWhite",
                                "pointSize": "$SmallPanelFontSize",
                                "hoveredFrame": 3,
                                "text/style":{
                                    "spacing": "$ReducedSpacing"
                                },
                                "textString": "@Invite"
                            },
                        },
                    ]
                },
            ]
        },



/////////////////////////////////////////////

/*
        {
            "type": "ListWidget", "name": "ListContainer",
            "fields": {
                 "filename": "PANEL\\Party\\LootBodyXX",
                "direction": "vertical",
                "rect": { "x": -10081, "y": -10315, "width": 1, "height": 1 },
            },
            "children": [
                {
                    "type": "ListItemWidget", "name": "FriendsListTemplate",
                    "fields": {
                        "filename": "PANEL\\Party\\LootBodyXX",
                        "rect": { "x": -10000, "y": -10000, "width": 1, "height": 1 },
                        "focusOnMouseOver": false,
                    },
                    "children": [
                        {
                            "type": "ImageWidget", "name": "ListBackground",
                            "fields": {
                                "rect": { "x": 0, "y": 5 },
                                "filename": "PANEL\\Party\\CharacterTileXX",
                            }
                        },
                        {
                            "type": "TextBoxWidget", "name": "PlayerName",
                            "fields": {
                                "rect": { "x": -11108, "y": 14, "width": 340, "height": 46 },
                                "style": {
                                    "fontColor": "$FontColorGold",
                                    "pointSize": "$MediumPanelFontSize",
                                    "alignment": { "h": "left", "v": "center" },
                                    "options": { "newlineHandling": "standard", "pipeCharacterBehavior" : "handle" },
                                    "spacing": { "leading": 1.0 },
                                },
                                "text": "",
                                "truncateWithEllipsis": true,
                            }
                        },
                        {
                            "type": "TextBoxWidget", "name": "PlayerInfo",
                            "fields": {
                                "rect": { "x": -11108, "y": 62, "width": 340, "height": 68 },
                                "style": {
                                    "fontColor": "$FontColorGold",
                                    "pointSize": "$SmallPanelFontSize",
                                    "alignment": { "h": "left", "v": "top" },
                                    "options": { "newlineHandling": "standard", "pipeCharacterBehavior" : "handle", "lineWrap": true },
                                    "spacing": { "leading": 0.95 },
                                },
                                "text": "",
                                "truncateWithEllipsis": true,
                            }
                        },
                        {
                            "type": "TextBoxWidget", "name": "PartyInfoText",
                            "fields": {
                                "rect": { "x": -11452, "y": 10, "width": 296, "height": 120 },
                                "style": {
                                    "fontColor": { "r": 255, "g": 168, "b": 0, "a": 255 },
                                    //"alignment": { "h": "left", "v": "top" },
                                    "alignment": { "h": "center", "v": "center" },
                                    "pointSize": "$SmallPanelFontSize",
                                    "spacing": "$MinimumSpacing",
                                    "options": { "newlineHandling": "standard", "pipeCharacterBehavior" : "handle", "lineWrap": true },
                                },
                                "truncateWithEllipsis": true,
                                "text": ""
                            }
                        },
                        {
                            "type": "ToggleButtonWidget", "name": "LootBodyButton",
                            "fields": {
                                "rect": { "x": -11785, "y": 33 },
                                "filename": "PANEL\\Party\\LootBodyXX",
                                //"onClickMessage": "PartyPanelMessage:ToggleLootBody",
                                "untoggledFrame": 0,
                                "untoggledPressedFrame": 1,
                                "untoggledDisabledFrame": 2,
                                "untoggledHoveredFrame": 3,
                                "toggledFrame": 4,
                                "toggledPressedFrame": 5,
                                "toggledHoveredFrame": 6,
                            },
                        },
                        {
                            "type": "ToggleButtonWidget", "name": "SquelchPlayerButton",
                            "fields": {
                                "rect": { "x": -11915, "y": 33 },
                                "filename": "PANEL\\Party\\SquelchXX",
                                //"onClickMessage": "PartyPanelMessage:ToggleSquelchPlayer",
                                "untoggledFrame": 0,
                                "untoggledPressedFrame": 1,
                                "untoggledDisabledFrame": 2,
                                "untoggledHoveredFrame": 3,
                                "toggledFrame": 4,
                                "toggledPressedFrame": 5,
                                "toggledHoveredFrame": 6,
                            },
                        },
                        {
                            "type": "ToggleButtonWidget", "name": "HostileButton",
                            "fields": {
                                "rect": { "x": -11115, "y": 33 },
                                "filename": "PANEL\\Party\\PVPXX",
                                //"onClickMessage": "PartyPanelMessage:ToggleHostile",
                                "untoggledFrame": 4,
                                "untoggledPressedFrame": 5,
                                "untoggledHoveredFrame": 6,
                                "toggledFrame": 0,
                                "toggledPressedFrame": 1,
                                "toggledHoveredFrame": 3,
                                "disabledTint": [1.0, 0, 0, 1.0]
                            },
                        },
                        {
                            "type": "ButtonWidget", "name": "InviteButton",
                            "fields": {
                                "rect": { "x": -11458, "y": 29 },
                                "filename": "PANEL\\Party\\InviteButtonXX",
                                //"onClickMessage": "PartyPanelMessage:ProcessInviteButton",
                                "textColor": "$FontColorWhite",
                                "pointSize": "$SmallPanelFontSize",
                                "hoveredFrame": 3,
                                "text/style":{
                                    "spacing": "$ReducedSpacing"
                                },
                                "textString": ""
                            },
                        },
                    ]
                },
            ]
        },

        // Party panel can have up to 3 party groupings (double check this)
        // Do not change these names, we use them to look up the images for the panel to use
        {
            "type": "ImageWidget", "name": "PartyBorder0",
            "fields": {
                "filename": "X",
            }
        },
        {
            "type": "ImageWidget", "name": "PartyBorder1",
            "fields": {
                "filename": "X",
            }
        },
        {
            "type": "ImageWidget", "name": "PartyBorder2",
            "fields": {
                "filename": "X",
            }
        },*/
        
    //{"type": "TimerWidget","name": "TimerClose","fields":{"time": 1,"message": "PartyPanelMessage:ShowPassword"}},
    //{"type": "TimerWidget","name": "TimerClose","fields":{"time": 1,"message": "PanelManager:ClosePanel:ShowPasswordTimerPanel"}},

    
    ]
}
