{
    "type": "Panel", "name": "MDKModOpenQuickLobbyCreateGame",
    /*"fields": {
		"anchor": {
			"x": 0.5,
			"y": 0.5
		},
		"isDismissable": false
    },*/
    "children": [
	{"type": "TimerWidget","name": "TimerClose",
	"fields":{"time": 0.1,"message": "PanelManager:TogglePanel:CreateGamePanel"}},
	{"type": "TimerWidget","name": "TimerClose",
	"fields":{"time": 0.1,"message": "PanelManager:ClosePanel:JoinGamePanel"}},

	{"type": "TimerWidget","name": "TimerClose",
	"fields":{"time": 0.1,"message": "PanelManager:ClosePanel:MDKModOpenQuickLobbyCreateGame"}},

    ]
}