{
    "type": "SettingsPanel", "name": "MDKModLobbyPanel",
    "fields": {
        "anchor": { "x": 1.0, "y": 0.0 },
        "rect": { "x": -2200, "y": 55, "width": 600, "height": 103 },
        //"priority": 9102,
        //"fitToParent": true,
    },
    "children": [
        {
            "type": "RectangleWidget", "name": "Background",
            "fields": {
                //"fitToScreen": true,
                //"color": [ 0.0, 0.0, 0.0, 0.7 ]
            },
            "children": [
				{
                    "type": "Widget", "name": "Anchor",
                    "fields": {
                        "anchor": { "x": 0.5, "y": 0.5 },
                        "rect": "$MDKVerPanelRect",
                    },
                    "children": [
                        {
                            "type": "TextBoxWidget", "name": "Title",
                            "fields": {
                                "rect": { "x": 0, "y": 45, "width": 1950, "height": 103 },
                                "text": "···〈 D2R MDK MOD 快捷大厅 〉···",
                                "style": "$StyleTitleBlock",
                            },
                        },
                        {
                            "type": "ButtonWidget", "name": "CloseButton",
                            "fields": {
                                "rect": { "x": 0, "y": 8 },
                                "filename": "PANEL\\closebtn_4x",
                                "hoveredFrame": 3,
                                "onClickMessage": "PanelManager:ClosePanel:MDKModLobbyPanel",
                                "tooltipString": "@strClose",
                                "sound": "cursor_close_window_hd",
                                "acceptsReturnKey": true,
                                "focusOnMouseOver": true,
                                "acceptsEscKeyEverywhere": true
                            },
                        },
                    ]
                },
            ]
        },
       {
            "type": "TabBarWidget", "name": "OptionsTabs",
            "fields": {
                "rect": "$SettingsPanelTabsRect",
                        "rect": { "x": 67, "y": 81 },
                "tabCount": 2,
                      //  "tabSize": { "x": 386, "y": 103 },
                      //  "tabPadding": { "x": 1, "y": 0 },
                      //  "tabTextOffset": { "x": 0, "y": -5 },
                "tabSize": { "x": 266, "y": 121, },
                "tabPadding": { "x": 2, "y": 0 },
                "tabTextOffset": { "x": 0, "y": -4, },
                "unavailableTabsLeaveGaps": false,
                "tabSizingMethod": "fixedCenter",
                "filename": "Controller/Panel/Stash/V2/StashTabs",
                "inactiveFrames": [ 1,1 ],
                "activeFrames": [ 0,0 ],
                "activeTextColor": "$TabsActiveTextColor",
                "inactiveTextColor": "$TabsInactiveTextColor",
                "textStyle": {
                    "options": { "lineWrap": true },
                    "pointSize": "$MediumFontSize",
                    "alignment": { "h": "center", "v": "center" },
                    "fontColor": "$XMediumFontSize",
                    "spacing": {"leading":0.9, "kerning":0.95}
                },

                "textStrings": [ "@LobbyCreateGame", "@LobbyJoinGame", "@LobbyLadder" ],
                "tabMessages": [
                    "SettingsPanelMessage:CheckChanges:CreateGamePanel",
                    "SettingsPanelMessage:CheckChanges:JoinGamePanel",
                    //"SettingsPanelMessage:CheckChanges:MDKModLobbyCreateGamePanel",
                    //"SettingsPanelMessage:CheckChanges:MDKModLobbyJoinGamePanel",
                    //"SettingsPanelMessage:CheckChanges:MDKModLobbyLadderPanel",
                ],
            },
        },

    ]
}
