{
	"dependencies": {
		"particles": [],
		"models": [{
			"path": "data/hd/character/player/assassin/head.model"
		}, {
			"path": "data/hd/character/player/assassin/larm_hvy.model"
		}, {
			"path": "data/hd/character/player/assassin/larm_lit.model"
		}, {
			"path": "data/hd/character/player/assassin/larm_med.model"
		}, {
			"path": "data/hd/character/player/assassin/legs_hvy.model"
		}, {
			"path": "data/hd/character/player/assassin/legs_lit.model"
		}, {
			"path": "data/hd/character/player/assassin/legs_med.model"
		}, {
			"path": "data/hd/character/player/assassin/rarm_hvy.model"
		}, {
			"path": "data/hd/character/player/assassin/rarm_lit.model"
		}, {
			"path": "data/hd/character/player/assassin/rarm_med.model"
		}, {
			"path": "data/hd/character/player/assassin/special1_hvy.model"
		}, {
			"path": "data/hd/character/player/assassin/special1_lit.model"
		}, {
			"path": "data/hd/character/player/assassin/special1_med.model"
		}, {
			"path": "data/hd/character/player/assassin/special2_hvy.model"
		}, {
			"path": "data/hd/character/player/assassin/special2_lit.model"
		}, {
			"path": "data/hd/character/player/assassin/special2_med.model"
		}, {
			"path": "data/hd/character/player/assassin/torso_hvy.model"
		}, {
			"path": "data/hd/character/player/assassin/torso_lit.model"
		}, {
			"path": "data/hd/character/player/assassin/torso_med.model"
		}],
		"skeletons": [{
			"path": "data/hd/character/player/assassin/skeleton/assassin.skeleton"
		}],
		"animations": [],
		"textures": [{
			"path": "data/hd/character/common/common_ktint.texture"
		}, {
			"path": "data/hd/character/npc/natalya/textures/Natalya_Body_alb.texture"
		}, {
			"path": "data/hd/character/npc/natalya/textures/Natalya_Body_nrm.texture"
		}, {
			"path": "data/hd/character/npc/natalya/textures/Natalya_Body_orm.texture"
		}, {
			"path": "data/hd/character/npc/natalya/textures/Natalya_Body_SSS.texture"
		}, {
			"path": "data/hd/character/npc/natalya/textures/Natalya_Hair_ALB.texture"
		}, {
			"path": "data/hd/character/npc/natalya/textures/Natalya_Hair_Flowmap.texture"
		}, {
			"path": "data/hd/character/npc/natalya/textures/Natalya_Hair_HRT.texture"
		}, {
			"path": "data/hd/character/player/assassin/textures/assassin_armor_lit_pants_alb.texture"
		}, {
			"path": "data/hd/character/player/assassin/textures/assassin_armor_lit_pants_nrm.texture"
		}, {
			"path": "data/hd/character/player/assassin/textures/assassin_armor_lit_pants_orm.texture"
		}, {
			"path": "data/hd/character/player/assassin/textures/assassin_armorhvy_alb.texture"
		}, {
			"path": "data/hd/character/player/assassin/textures/assassin_armorhvy_mask.texture"
		}, {
			"path": "data/hd/character/player/assassin/textures/assassin_armorhvy_nrm.texture"
		}, {
			"path": "data/hd/character/player/assassin/textures/assassin_armorhvy_orm.texture"
		}, {
			"path": "data/hd/character/player/assassin/textures/assassin_armorlit_alb.texture"
		}, {
			"path": "data/hd/character/player/assassin/textures/assassin_armorlit_mask.texture"
		}, {
			"path": "data/hd/character/player/assassin/textures/assassin_armorlit_nrm.texture"
		}, {
			"path": "data/hd/character/player/assassin/textures/assassin_armorlit_orm.texture"
		}, {
			"path": "data/hd/character/player/assassin/textures/assassin_armormed_alb.texture"
		}, {
			"path": "data/hd/character/player/assassin/textures/assassin_armormed_mask.texture"
		}, {
			"path": "data/hd/character/player/assassin/textures/assassin_armormed_nrm.texture"
		}, {
			"path": "data/hd/character/player/assassin/textures/assassin_armormed_orm.texture"
		}, {
			"path": "data/hd/character/player/assassin/textures/Assassin_Body_SSS.texture"
		}, {
			"path": "data/hd/character/player/assassin/textures/Assassin_Face_alb.texture"
		}, {
			"path": "data/hd/character/player/assassin/textures/Assassin_Face_nrm.texture"
		}, {
			"path": "data/hd/character/player/assassin/textures/Assassin_Face_orm.texture"
		}, {
			"path": "data/hd/character/player/assassin/textures/Assassin_Face_SSS.texture"
		}, {
			"path": "data/hd/character/player/assassin/textures/Assassin_Hair_ALB.texture"
		}, {
			"path": "data/hd/character/player/assassin/textures/Assassin_Hair_FLOW.texture"
		}, {
			"path": "data/hd/character/player/assassin/textures/Assassin_Hair_HRT.texture"
		}, {
			"path": "data/hd/character/player/assassin/textures/Assassins_Body_alb.texture"
		}, {
			"path": "data/hd/character/player/assassin/textures/Assassins_Body_nrm.texture"
		}, {
			"path": "data/hd/character/player/assassin/textures/Assassins_Body_orm.texture"
		}],
		"physics": [],
		"json": [{
			"path": "data/hd/character/enemy/shadowmaster.json"
		}, {
			"path": "data/hd/character/enemy/shadowwarrior.json"
		}, {
			"path": "data/hd/character/player/assassin/assassin_state_machine.json"
		}, {
			"path": "data/hd/missiles/charged_bolt.json"
		}, {
			"path": "data/hd/missiles/electric_nova.json"
		}, {
			"path": "data/hd/missiles/exp_arrow_explode.json"
		}, {
			"path": "data/hd/missiles/expansion_bladefury.json"
		}, {
			"path": "data/hd/missiles/expansion_caltrops.json"
		}, {
			"path": "data/hd/missiles/expansion_fire_trauma_ground.json"
		}, {
			"path": "data/hd/missiles/expansion_fire_trauma_missile.json"
		}, {
			"path": "data/hd/missiles/expansion_fire_trauma_xplosion.json"
		}, {
			"path": "data/hd/missiles/expansion_shock_field.json"
		}, {
			"path": "data/hd/missiles/ground_fire_medium.json"
		}, {
			"path": "data/hd/missiles/ground_fire_small.json"
		}, {
			"path": "data/hd/missiles/ice_bolt.json"
		}, {
			"path": "data/hd/missiles/ice_break_small.json"
		}, {
			"path": "data/hd/missiles/lightning_strike.json"
		}, {
			"path": "data/hd/missiles/meteor.json"
		}, {
			"path": "data/hd/missiles/meteor_tail.json"
		}, {
			"path": "data/hd/missiles/meteor_target_indicator.json"
		}, {
			"path": "data/hd/overlays/assassin/bladeshield.json"
		}, {
			"path": "data/hd/overlays/assassin/cobrastrike_1.json"
		}, {
			"path": "data/hd/overlays/assassin/dragonflight.json"
		}, {
			"path": "data/hd/overlays/assassin/fade.json"
		}, {
			"path": "data/hd/overlays/assassin/quickness.json"
		}, {
			"path": "data/hd/overlays/common/assassinfootimpact.json"
		}, {
			"path": "data/hd/overlays/common/fist_will_cast.json"
		}, {
			"path": "data/hd/overlays/common/lightning.json"
		}, {
			"path": "data/hd/overlays/common/progressive_cold_1.json"
		}, {
			"path": "data/hd/overlays/common/progressive_damage_1.json"
		}, {
			"path": "data/hd/overlays/common/progressive_fire_1.json"
		}, {
			"path": "data/hd/overlays/common/progressive_lightning_1.json"
		}, {
			"path": "data/hd/overlays/common/progressive_other_1.json"
		}, {
			"path": "data/hd/overlays/common/progressive_steal_1.json"
		}, {
			"path": "data/hd/overlays/common/psychic_hammer_curse.json"
		}, {
			"path": "data/hd/overlays/common/psychic_hammer_hit.json"
		}, {
			"path": "data/hd/overlays/common/tigerstrike_1.json"
		}],
		"variantdata": [],
		"objecteffects": [],
		"other": []
	},
	"type": "UnitDefinition",
	"name": "assassin",
	"entities": [{
			"type": "Entity",
			"name": "entity_root",
			"id": 2074115629,
			"components": [{
				"type": "UnitRootComponent",
				"name": "component_root",
				"state_machine_filename": "data/hd/character/player/assassin/assassin_state_machine.json",
				"doNotInheritRotation": false,
				"rotationOverride": {
					"x": 0.0,
					"y": 0.3826834,
					"z": 0.0,
					"w": 0.9238795
				},
				"doNotUseHDHeight": false,
				"hideAllMeshWhenInOpenedMode": false,
				"onCreateEventName": "",
				"animations": []
			}, {
				"type": "SkeletonDefinitionComponent",
				"name": "component_skeleton",
				"filename": "data/hd/character/player/assassin/skeleton/assassin.skeleton"
			}, {
				"type": "DefinitionPreloadComponent",
				"name": "Root_DefinitionPreloadComponent",
				"missiles": [{
					"type": "UnitDefinitionListEntry",
					"name": "Root_UnitDefinitionList_Entry1",
					"filename": "data/hd/missiles/expansion_bladefury.json"
				}, {
					"type": "UnitDefinitionListEntry",
					"name": "Root_UnitDefinitionList_Entry2",
					"filename": "data/hd/missiles/ice_bolt.json"
				}, {
					"type": "UnitDefinitionListEntry",
					"name": "Root_UnitDefinitionList_Entry3",
					"filename": "data/hd/missiles/meteor_target_indicator.json"
				}, {
					"type": "UnitDefinitionListEntry",
					"name": "Root_UnitDefinitionList_Entry4",
					"filename": "data/hd/missiles/exp_arrow_explode.json"
				}, {
					"type": "UnitDefinitionListEntry",
					"name": "Root_UnitDefinitionList_Entry5",
					"filename": "data/hd/missiles/ice_break_small.json"
				}, {
					"type": "UnitDefinitionListEntry",
					"name": "Root_UnitDefinitionList_Entry6",
					"filename": "data/hd/missiles/meteor_tail.json"
				}, {
					"type": "UnitDefinitionListEntry",
					"name": "Root_UnitDefinitionList_Entry7",
					"filename": "data/hd/missiles/ground_fire_small.json"
				}, {
					"type": "UnitDefinitionListEntry",
					"name": "Root_UnitDefinitionList_Entry8",
					"filename": "data/hd/missiles/electric_nova.json"
				}, {
					"type": "UnitDefinitionListEntry",
					"name": "Root_UnitDefinitionList_Entry9",
					"filename": "data/hd/missiles/expansion_caltrops.json"
				}, {
					"type": "UnitDefinitionListEntry",
					"name": "Root_UnitDefinitionList_Entry10",
					"filename": "data/hd/missiles/ground_fire_medium.json"
				}, {
					"type": "UnitDefinitionListEntry",
					"name": "Root_UnitDefinitionList_Entry11",
					"filename": "data/hd/missiles/expansion_fire_trauma_ground.json"
				}, {
					"type": "UnitDefinitionListEntry",
					"name": "Root_UnitDefinitionList_Entry12",
					"filename": "data/hd/missiles/meteor.json"
				}, {
					"type": "UnitDefinitionListEntry",
					"name": "Root_UnitDefinitionList_Entry13",
					"filename": "data/hd/missiles/expansion_shock_field.json"
				}, {
					"type": "UnitDefinitionListEntry",
					"name": "Root_UnitDefinitionList_Entry14",
					"filename": "data/hd/missiles/lightning_strike.json"
				}, {
					"type": "UnitDefinitionListEntry",
					"name": "Root_UnitDefinitionList_Entry15",
					"filename": "data/hd/missiles/expansion_fire_trauma_missile.json"
				}, {
					"type": "UnitDefinitionListEntry",
					"name": "Root_UnitDefinitionList_Entry16",
					"filename": "data/hd/missiles/expansion_fire_trauma_xplosion.json"
				}, {
					"type": "UnitDefinitionListEntry",
					"name": "Root_UnitDefinitionList_Entry17",
					"filename": "data/hd/missiles/charged_bolt.json"
				}],
				"overlays": [{
					"type": "OverlayDefinitionListEntry",
					"name": "Root_OverlayDefinitionList_Entry1",
					"filename": "data/hd/overlays/common/progressive_lightning_1.json"
				}, {
					"type": "OverlayDefinitionListEntry",
					"name": "Root_OverlayDefinitionList_Entry2",
					"filename": "data/hd/overlays/assassin/dragonflight.json"
				}, {
					"type": "OverlayDefinitionListEntry",
					"name": "Root_OverlayDefinitionList_Entry3",
					"filename": "data/hd/overlays/common/progressive_cold_1.json"
				}, {
					"type": "OverlayDefinitionListEntry",
					"name": "Root_OverlayDefinitionList_Entry4",
					"filename": "data/hd/overlays/assassin/cobrastrike_1.json"
				}, {
					"type": "OverlayDefinitionListEntry",
					"name": "Root_OverlayDefinitionList_Entry5",
					"filename": "data/hd/overlays/common/progressive_damage_1.json"
				}, {
					"type": "OverlayDefinitionListEntry",
					"name": "Root_OverlayDefinitionList_Entry6",
					"filename": "data/hd/overlays/common/assassinfootimpact.json"
				}, {
					"type": "OverlayDefinitionListEntry",
					"name": "Root_OverlayDefinitionList_Entry7",
					"filename": "data/hd/overlays/common/psychic_hammer_curse.json"
				}, {
					"type": "OverlayDefinitionListEntry",
					"name": "Root_OverlayDefinitionList_Entry8",
					"filename": "data/hd/overlays/common/psychic_hammer_hit.json"
				}, {
					"type": "OverlayDefinitionListEntry",
					"name": "Root_OverlayDefinitionList_Entry9",
					"filename": "data/hd/overlays/assassin/bladeshield.json"
				}, {
					"type": "OverlayDefinitionListEntry",
					"name": "Root_OverlayDefinitionList_Entry10",
					"filename": "data/hd/overlays/common/lightning.json"
				}, {
					"type": "OverlayDefinitionListEntry",
					"name": "Root_OverlayDefinitionList_Entry11",
					"filename": "data/hd/overlays/common/progressive_other_1.json"
				}, {
					"type": "OverlayDefinitionListEntry",
					"name": "Root_OverlayDefinitionList_Entry12",
					"filename": "data/hd/overlays/common/tigerstrike_1.json"
				}, {
					"type": "OverlayDefinitionListEntry",
					"name": "Root_OverlayDefinitionList_Entry13",
					"filename": "data/hd/overlays/common/fist_will_cast.json"
				}, {
					"type": "OverlayDefinitionListEntry",
					"name": "Root_OverlayDefinitionList_Entry14",
					"filename": "data/hd/overlays/assassin/fade.json"
				}, {
					"type": "OverlayDefinitionListEntry",
					"name": "Root_OverlayDefinitionList_Entry15",
					"filename": "data/hd/overlays/common/progressive_fire_1.json"
				}, {
					"type": "OverlayDefinitionListEntry",
					"name": "Root_OverlayDefinitionList_Entry16",
					"filename": "data/hd/overlays/assassin/quickness.json"
				}, {
					"type": "OverlayDefinitionListEntry",
					"name": "Root_OverlayDefinitionList_Entry17",
					"filename": "data/hd/overlays/common/progressive_steal_1.json"
				}],
				"minions": [{
					"type": "UnitDefinitionListEntry",
					"name": "Root_DefinitionPreloadComponent_minions_0",
					"filename": "data/hd/character/enemy/shadowwarrior.json"
				}, {
					"type": "UnitDefinitionListEntry",
					"name": "Root_DefinitionPreloadComponent_minions_1",
					"filename": "data/hd/character/enemy/shadowmaster.json"
				}]
			}, {
				"type": "TransformDefinitionComponent",
				"name": "entity_root_TransformDefinition",
				"position": {
					"x": 0.0,
					"y": -0.03,
					"z": 0.03
				},
				"orientation": {
					"x": 0.0,
					"y": 0.0,
					"z": 0.0,
					"w": 1.0
				},
				"scale": {
					"x": 1.1,
					"y": 1.1,
					"z": 1.1
				},
				"inheritOnlyPosition": false
			}, {
				"type": "DefaultAttachmentTransformComponent",
				"name": "entity_root_DefaultAttachmentTransform",
				"defaultTransforms": {
					"6": {
						"type": "Transform",
						"name": "entity_root_DefaultAttachmentTransform_defaultTransforms_LeftHand",
						"translation": {
							"x": 0.0,
							"y": 0.0,
							"z": 0.0
						},
						"rotation": {
							"x": 0.0,
							"y": 0.0,
							"z": 0.0
						},
						"scale": {
							"x": 0.9,
							"y": 0.9,
							"z": 0.9
						}
					},
					"5": {
						"type": "Transform",
						"name": "entity_root_DefaultAttachmentTransform_defaultTransforms_RightHand",
						"translation": {
							"x": 0.0,
							"y": 0.0,
							"z": 0.0
						},
						"rotation": {
							"x": 0.0,
							"y": 0.0,
							"z": 0.0
						},
						"scale": {
							"x": 0.9,
							"y": 0.9,
							"z": 0.9
						}
					},
					"7": {
						"type": "Transform",
						"name": "entity_root_DefaultAttachmentTransform_defaultTransforms_Shield",
						"translation": {
							"x": -0.2,
							"y": -0.1,
							"z": 0.04
						},
						"rotation": {
							"x": 0.0,
							"y": -5.0,
							"z": 0.0
						},
						"scale": {
							"x": 0.95,
							"y": 0.95,
							"z": 0.95
						}
					},
					"0": {
						"type": "Transform",
						"name": "entity_root_DefaultAttachmentTransform_defaultTransforms_Head",
						"translation": {
							"x": 0.0,
							"y": -0.05,
							"z": 0.03
						},
						"rotation": {
							"x": 0.0,
							"y": 0.0,
							"z": 0.0
						},
						"scale": {
							"x": 0.88,
							"y": 0.86,
							"z": 0.89
						}
					}
				}
			}, {
				"type": "IKComponent",
				"name": "entity_root_IK",
				"preset": {
					"type": "IKPreset",
					"name": "Player_Assassin",
					"footIKSetup": [{
						"type": "FootIKSetup",
						"name": "Player_Assassin_footIKSetup_0",
						"footBoneName": "ankle_R_JNT",
						"kneeBoneName": "knee_R_JNT",
						"hipBoneName": "hip_R_JNT",
						"locationTrackName": "R_IK_position",
						"enabledTrackName": "R_FKIK",
						"hyperExtensionStart": 0.0,
						"hyperExtensionScale": 0.0,
						"defaultEnabled": false,
						"kneeRotationAxis": 2,
						"flipKneeRotationAxis": true
					}, {
						"type": "FootIKSetup",
						"name": "Player_Assassin_footIKSetup_1",
						"footBoneName": "ankle_L_JNT",
						"kneeBoneName": "knee_L_JNT",
						"hipBoneName": "hip_L_JNT",
						"locationTrackName": "L_IK_position",
						"enabledTrackName": "L_FKIK",
						"hyperExtensionStart": 0.0,
						"hyperExtensionScale": 0.0,
						"defaultEnabled": false,
						"kneeRotationAxis": 2,
						"flipKneeRotationAxis": true
					}]
				}
			}, {
				"type": "FidgetAnimationComponent",
				"name": "entity_root_FidgetAnimation",
				"neutralSet": {
					"type": "FidgetAnimationSet",
					"name": "entity_root_FidgetAnimation_neutralSet",
					"options": [{
						"type": "FidgetAnimationOption",
						"name": "entity_root_FidgetAnimation_neutralSet_options_0",
						"stateName": "Fidget01",
						"weight": 10.0,
						"cooldownMin": 0.0,
						"cooldownMax": 0.0
					}, {
						"type": "FidgetAnimationOption",
						"name": "entity_root_FidgetAnimation_neutralSet_options_1",
						"stateName": "Fidget02",
						"weight": 3.0,
						"cooldownMin": 0.0,
						"cooldownMax": 0.0
					}],
					"firstFidgetDelayMin": 3.0,
					"firstFidgetDelayMax": 5.0,
					"subsequentFidgetDelayMin": 3.0,
					"subsequentFidgetDelayMax": 10.0
				},
				"townNeutralSet": {
					"type": "FidgetAnimationSet",
					"name": "entity_root_FidgetAnimation_townNeutralSet",
					"options": [{
						"type": "FidgetAnimationOption",
						"name": "entity_root_FidgetAnimation_townNeutralSet_options_0",
						"stateName": "TownFidget01",
						"weight": 20.0,
						"cooldownMin": 0.0,
						"cooldownMax": 0.0
					}, {
						"type": "FidgetAnimationOption",
						"name": "entity_root_FidgetAnimation_townNeutralSet_options_1",
						"stateName": "TownFidget02",
						"weight": 15.0,
						"cooldownMin": 0.0,
						"cooldownMax": 0.0
					}, {
						"type": "FidgetAnimationOption",
						"name": "entity_root_FidgetAnimation_townNeutralSet_options_2",
						"stateName": "TownFidget03",
						"weight": 10.0,
						"cooldownMin": 0.0,
						"cooldownMax": 0.0
					}],
					"firstFidgetDelayMin": 1.0,
					"firstFidgetDelayMax": 3.0,
					"subsequentFidgetDelayMin": 2.0,
					"subsequentFidgetDelayMax": 5.0
				},
				"frontendSet": {
					"type": "FidgetAnimationSet",
					"name": "entity_root_FidgetAnimation_townNeutralSet",
					"options": [{
						"type": "FidgetAnimationOption",
						"name": "entity_root_FidgetAnimation_townNeutralSet_options_0",
						"stateName": "TownFidget01",
						"weight": 20.0,
						"cooldownMin": 0.0,
						"cooldownMax": 0.0
					}, {
						"type": "FidgetAnimationOption",
						"name": "entity_root_FidgetAnimation_townNeutralSet_options_1",
						"stateName": "TownFidget02",
						"weight": 15.0,
						"cooldownMin": 0.0,
						"cooldownMax": 0.0
					}, {
						"type": "FidgetAnimationOption",
						"name": "entity_root_FidgetAnimation_townNeutralSet_options_2",
						"stateName": "TownFidget03",
						"weight": 10.0,
						"cooldownMin": 0.0,
						"cooldownMax": 0.0
					}],
					"firstFidgetDelayMin": 1.0,
					"firstFidgetDelayMax": 3.0,
					"subsequentFidgetDelayMin": 2.0,
					"subsequentFidgetDelayMax": 5.0
				},
				"characterSelectSet": {
					"type": "FidgetAnimationSet",
					"name": "entity_root_FidgetAnimation_characterSelectSet",
					"options": [{
						"type": "FidgetAnimationOption",
						"name": "entity_root_FidgetAnimation_characterSelectSet_options_0",
						"stateName": "FE_Fidget01",
						"weight": 3.0,
						"cooldownMin": 0.0,
						"cooldownMax": 0.0
					}, {
						"type": "FidgetAnimationOption",
						"name": "entity_root_FidgetAnimation_characterSelectSet_options_1",
						"stateName": "FE_Fidget02",
						"weight": 1.0,
						"cooldownMin": 0.0,
						"cooldownMax": 0.0
					}],
					"firstFidgetDelayMin": 1.0,
					"firstFidgetDelayMax": 7.0,
					"subsequentFidgetDelayMin": 3.0,
					"subsequentFidgetDelayMax": 12.0
				}
			}, {
				"type": "TraversalAnimationComponent",
				"name": "entity_root_TraversalAnimation",
				"runTurnRateControllerMin": 180.0,
				"runTurnRateControllerMax": 1080.0,
				"walkTurnRateControllerMin": 180.0,
				"walkTurnRateControllerMax": 1080.0,
				"runTurnRateMouseMin": 30.0,
				"runTurnRateMouseMax": 1080.0,
				"walkTurnRateMouseMin": 30.0,
				"walkTurnRateMouseMax": 1080.0,
				"fineTurnAngle": 30.0,
				"fineTurnDamping": 0.4,
				"runTurn180AngleThresholdController": 100.0,
				"runTurn180AngleThresholdMouse": 90.0,
				"runTurn180CooldownTime": 0.1,
				"runTurn180StopInterruptableTime": 0.25,
				"runTurn180RotationLockTime": 0.1,
				"runTurn180NoiseProtectionAngleThreshold": 30.0,
				"runTurn180CWAnimation": "Run_Turn_180_CW",
				"runTurn180CCWAnimation": "Run_Turn_180_CCW",
				"runTurn180CWTownAnimation": "Run_Turn_180_CW",
				"runTurn180CCWTownAnimation": "Run_Turn_180_CCW",
				"runStartAnimation": "Run_Start",
				"runStopAnimation": "Run_Stop",
				"runStartTownAnimation": "Run_Start_Town",
				"runStopTownAnimation": "Run_Stop_Town",
				"runStopRequiredTimeRunning": 0.1,
				"walkToStartRunInterruptWindow": 0.25,
				"stopToStartRunSkipWindow": 0.25
			}, {
				"type": "EquipmentAnimationLayersComponent",
				"name": "entity_root_EquipmentAnimationLayers",
				"equipmentLayers": [{
					"type": "EquipmentLayerSetup",
					"name": "entity_root_EquipmentAnimationLayers_equipmentLayers_0",
					"layerName": "ShieldEquipLayer",
					"animationStateName": "ShieldAdditiveLayer"
				}]
			}, {
				"type": "EnableEquipmentAnimationLayerComponent",
				"name": "entity_root_EnableEquipmentAnimationLayer",
				"equipmentLayerName": "ShieldEquipLayer",
				"defaultEnabledWeight": 1.0
			}, {
				"type": "AimLayersComponent",
				"name": "entity_root_AimLayers",
				"aimLayers": [{
					"type": "AimLayerSetup",
					"name": "entity_root_AimLayers_aimLayers_0",
					"layerName": "Aim_Head",
					"yawAnimationState": "HeadAimLayer_Yaw",
					"yawOutOfRangeBehavior": 2,
					"yawAngleOffset": 0.0,
					"pitchAnimationState": "HeadAimLayer_Pitch",
					"pitchOutOfRangeBehavior": 0,
					"pitchAngleOffset": 0.0,
					"aimLocationTrackName": "aim_location",
					"aimDampingFactor": 0.15,
					"aimTarget": 2
				}, {
					"type": "AimLayerSetup",
					"name": "entity_root_AimLayers_aimLayers_2",
					"layerName": "Aim_Melee",
					"yawAnimationState": "",
					"yawOutOfRangeBehavior": 2,
					"yawAngleOffset": 0.0,
					"pitchAnimationState": "MeleeAimLayer",
					"pitchOutOfRangeBehavior": 0,
					"pitchAngleOffset": 0.0,
					"aimLocationTrackName": "aim_location",
					"aimDampingFactor": 0.3,
					"aimTarget": 1
				}, {
					"type": "AimLayerSetup",
					"name": "entity_root_AimLayers_aimLayers_3",
					"layerName": "Aim_Kick",
					"yawAnimationState": "",
					"yawOutOfRangeBehavior": 2,
					"yawAngleOffset": 0.0,
					"pitchAnimationState": "KickAimLayer",
					"pitchOutOfRangeBehavior": 0,
					"pitchAngleOffset": 0.0,
					"aimLocationTrackName": "aim_location",
					"aimDampingFactor": 0.5,
					"aimTarget": 1
				}, {
					"type": "AimLayerSetup",
					"name": "entity_root_AimLayers_aimLayers_4",
					"layerName": "Aim_Head_Town",
					"yawAnimationState": "HeadAimLayer_Yaw_Town",
					"yawOutOfRangeBehavior": 2,
					"yawAngleOffset": 0.0,
					"pitchAnimationState": "HeadAimLayer_Pitch_Town",
					"pitchOutOfRangeBehavior": 0,
					"pitchAngleOffset": 0.0,
					"aimLocationTrackName": "aim_location",
					"aimDampingFactor": 0.15,
					"aimTarget": 2
				}]
			}, {
				"type": "LookAtAnimationControlComponent",
				"name": "entity_root_LookAtAnimationControl",
				"controlOverrides": [{
					"type": "LookAtControlSetup",
					"name": "entity_root_LookAtAnimationControl_controlOverrides_0",
					"mode": 5,
					"aimLayerName": "Aim_Head_Town",
					"blendInTime": 0.25,
					"blendOutTime": 0.25
				}, {
					"type": "LookAtControlSetup",
					"name": "entity_root_LookAtAnimationControl_controlOverrides_1",
					"mode": 6,
					"aimLayerName": "Aim_Head_Town",
					"blendInTime": 0.25,
					"blendOutTime": 0.25
				}],
				"aimLayerName": "Aim_Head",
				"blendInTime": 0.25,
				"blendOutTime": 0.25
			}]
		}, {
			"type": "Entity",
			"name": "entity_head",
			"id": 3318709416,
			"components": [{
				"type": "ModelDefinitionComponent",
				"name": "component_model_head",
				"filename": "data/hd/character/player/assassin/head.model",
				"visibleLayers": 33,
				"lightMask": 19,
				"shadowMask": 3,
				"ghostShadows": false,
				"floorModel": false,
				"terrainBlendEnableYUpBlend": false,
				"terrainBlendMode": 1
			}]
		}, {
			"type": "Entity",
			"name": "entity_torso_lit",
			"id": 3703298670,
			"components": [{
				"type": "UnitPartComponent",
				"name": "component_part_torso_lit",
				"part": "torso",
				"variant": "lit"
			}, {
				"type": "ModelDefinitionComponent",
				"name": "component_model_torso_lit",
				"filename": "data/hd/character/player/assassin/torso_lit.model",
				"visibleLayers": 1,
				"lightMask": 19,
				"shadowMask": 3,
				"ghostShadows": false,
				"floorModel": false,
				"terrainBlendEnableYUpBlend": false,
				"terrainBlendMode": 1
			}]
		}, {
			"type": "Entity",
			"name": "entity_torso_med",
			"id": 280366630,
			"components": [{
				"type": "UnitPartComponent",
				"name": "component_part_torso_med",
				"part": "torso",
				"variant": "med"
			}, {
				"type": "ModelDefinitionComponent",
				"name": "component_model_torso_med",
				"filename": "data/hd/character/player/assassin/torso_med.model",
				"visibleLayers": 1,
				"lightMask": 19,
				"shadowMask": 3,
				"ghostShadows": false,
				"floorModel": false,
				"terrainBlendEnableYUpBlend": false,
				"terrainBlendMode": 1
			}]
		}, {
			"type": "Entity",
			"name": "entity_torso_hvy",
			"id": 2847909301,
			"components": [{
				"type": "UnitPartComponent",
				"name": "component_part_torso_hvy",
				"part": "torso",
				"variant": "hvy"
			}, {
				"type": "ModelDefinitionComponent",
				"name": "component_model_torso_hvy",
				"filename": "data/hd/character/player/assassin/torso_hvy.model",
				"visibleLayers": 1,
				"lightMask": 19,
				"shadowMask": 3,
				"ghostShadows": false,
				"floorModel": false,
				"terrainBlendEnableYUpBlend": false,
				"terrainBlendMode": 1
			}]
		}, {
			"type": "Entity",
			"name": "entity_legs_lit",
			"id": 2688089578,
			"components": [{
				"type": "UnitPartComponent",
				"name": "component_part_legs_lit",
				"part": "legs",
				"variant": "lit"
			}, {
				"type": "ModelDefinitionComponent",
				"name": "component_model_legs_lit",
				"filename": "data/hd/character/player/assassin/legs_lit.model",
				"visibleLayers": 1,
				"lightMask": 19,
				"shadowMask": 3,
				"ghostShadows": false,
				"floorModel": false,
				"terrainBlendEnableYUpBlend": false,
				"terrainBlendMode": 1
			}]
		}, {
			"type": "Entity",
			"name": "entity_legs_med",
			"id": 3237178999,
			"components": [{
				"type": "UnitPartComponent",
				"name": "component_part_legs_med",
				"part": "legs",
				"variant": "med"
			}, {
				"type": "ModelDefinitionComponent",
				"name": "component_model_legs_med",
				"filename": "data/hd/character/player/assassin/legs_med.model",
				"visibleLayers": 1,
				"lightMask": 19,
				"shadowMask": 3,
				"ghostShadows": false,
				"floorModel": false,
				"terrainBlendEnableYUpBlend": false,
				"terrainBlendMode": 1
			}]
		}, {
			"type": "Entity",
			"name": "entity_legs_hvy",
			"id": 1832765490,
			"components": [{
				"type": "UnitPartComponent",
				"name": "component_part_legs_hvy",
				"part": "legs",
				"variant": "hvy"
			}, {
				"type": "ModelDefinitionComponent",
				"name": "component_model_legs_hvy",
				"filename": "data/hd/character/player/assassin/legs_hvy.model",
				"visibleLayers": 1,
				"lightMask": 19,
				"shadowMask": 3,
				"ghostShadows": false,
				"floorModel": false,
				"terrainBlendEnableYUpBlend": false,
				"terrainBlendMode": 1
			}]
		}, {
			"type": "Entity",
			"name": "entity_rarm_lit",
			"id": 669702376,
			"components": [{
				"type": "UnitPartComponent",
				"name": "component_part_rarm_lit",
				"part": "rarm",
				"variant": "lit"
			}, {
				"type": "ModelDefinitionComponent",
				"name": "component_model_rarm_lit",
				"filename": "data/hd/character/player/assassin/rarm_lit.model",
				"visibleLayers": 1,
				"lightMask": 19,
				"shadowMask": 3,
				"ghostShadows": false,
				"floorModel": false,
				"terrainBlendEnableYUpBlend": false,
				"terrainBlendMode": 1
			}]
		}, {
			"type": "Entity",
			"name": "entity_rarm_med",
			"id": 1202014581,
			"components": [{
				"type": "UnitPartComponent",
				"name": "component_part_rarm_med",
				"part": "rarm",
				"variant": "med"
			}, {
				"type": "ModelDefinitionComponent",
				"name": "component_model_rarm_med",
				"filename": "data/hd/character/player/assassin/rarm_med.model",
				"visibleLayers": 1,
				"lightMask": 19,
				"shadowMask": 3,
				"ghostShadows": false,
				"floorModel": false,
				"terrainBlendEnableYUpBlend": false,
				"terrainBlendMode": 1
			}]
		}, {
			"type": "Entity",
			"name": "entity_rarm_hvy",
			"id": 4109280048,
			"components": [{
				"type": "UnitPartComponent",
				"name": "component_part_rarm_hvy",
				"part": "rarm",
				"variant": "hvy"
			}, {
				"type": "ModelDefinitionComponent",
				"name": "component_model_rarm_hvy",
				"filename": "data/hd/character/player/assassin/rarm_hvy.model",
				"visibleLayers": 1,
				"lightMask": 19,
				"shadowMask": 3,
				"ghostShadows": false,
				"floorModel": false,
				"terrainBlendEnableYUpBlend": false,
				"terrainBlendMode": 1
			}]
		}, {
			"type": "Entity",
			"name": "entity_larm_lit",
			"id": 428221165,
			"components": [{
				"type": "UnitPartComponent",
				"name": "component_part_larm_lit",
				"part": "larm",
				"variant": "lit"
			}, {
				"type": "ModelDefinitionComponent",
				"name": "component_model_larm_lit",
				"filename": "data/hd/character/player/assassin/larm_lit.model",
				"visibleLayers": 1,
				"lightMask": 19,
				"shadowMask": 3,
				"ghostShadows": false,
				"floorModel": false,
				"terrainBlendEnableYUpBlend": false,
				"terrainBlendMode": 1
			}]
		}, {
			"type": "Entity",
			"name": "entity_larm_med",
			"id": 1283544997,
			"components": [{
				"type": "UnitPartComponent",
				"name": "component_part_larm_med",
				"part": "larm",
				"variant": "med"
			}, {
				"type": "ModelDefinitionComponent",
				"name": "component_model_larm_med",
				"filename": "data/hd/character/player/assassin/larm_med.model",
				"visibleLayers": 1,
				"lightMask": 19,
				"shadowMask": 3,
				"ghostShadows": false,
				"floorModel": false,
				"terrainBlendEnableYUpBlend": false,
				"terrainBlendMode": 1
			}]
		}, {
			"type": "Entity",
			"name": "entity_larm_hvy",
			"id": 3867930165,
			"components": [{
				"type": "UnitPartComponent",
				"name": "component_part_larm_hvy",
				"part": "larm",
				"variant": "hvy"
			}, {
				"type": "ModelDefinitionComponent",
				"name": "component_model_larm_hvy",
				"filename": "data/hd/character/player/assassin/larm_hvy.model",
				"visibleLayers": 1,
				"lightMask": 19,
				"shadowMask": 3,
				"ghostShadows": false,
				"floorModel": false,
				"terrainBlendEnableYUpBlend": false,
				"terrainBlendMode": 1
			}]
		}, {
			"type": "Entity",
			"name": "entity_special1_lit",
			"id": 3461817458,
			"components": [{
				"type": "UnitPartComponent",
				"name": "component_part_special1_lit",
				"part": "special1",
				"variant": "lit"
			}, {
				"type": "ModelDefinitionComponent",
				"name": "component_model_special1_lit",
				"filename": "data/hd/character/player/assassin/special1_lit.model",
				"visibleLayers": 1,
				"lightMask": 19,
				"shadowMask": 3,
				"ghostShadows": false,
				"floorModel": false,
				"terrainBlendEnableYUpBlend": false,
				"terrainBlendMode": 1
			}]
		}, {
			"type": "Entity",
			"name": "entity_special1_med",
			"id": 38951211,
			"components": [{
				"type": "UnitPartComponent",
				"name": "component_part_special1_med",
				"part": "special1",
				"variant": "med"
			}, {
				"type": "ModelDefinitionComponent",
				"name": "component_model_special1_med",
				"filename": "data/hd/character/player/assassin/special1_med.model",
				"visibleLayers": 1,
				"lightMask": 19,
				"shadowMask": 3,
				"ghostShadows": false,
				"floorModel": false,
				"terrainBlendEnableYUpBlend": false,
				"terrainBlendMode": 1
			}]
		}, {
			"type": "Entity",
			"name": "entity_special1_hvy",
			"id": 2929439718,
			"components": [{
				"type": "UnitPartComponent",
				"name": "component_part_special1_hvy",
				"part": "special1",
				"variant": "hvy"
			}, {
				"type": "ModelDefinitionComponent",
				"name": "component_model_special1_hvy",
				"filename": "data/hd/character/player/assassin/special1_hvy.model",
				"visibleLayers": 1,
				"lightMask": 19,
				"shadowMask": 3,
				"ghostShadows": false,
				"floorModel": false,
				"terrainBlendEnableYUpBlend": false,
				"terrainBlendMode": 1
			}]
		}, {
			"type": "Entity",
			"name": "entity_special2_lit",
			"id": 1426718576,
			"components": [{
				"type": "UnitPartComponent",
				"name": "component_part_special2_lit",
				"part": "special2",
				"variant": "lit"
			}, {
				"type": "ModelDefinitionComponent",
				"name": "component_model_special2_lit",
				"filename": "data/hd/character/player/assassin/special2_lit.model",
				"visibleLayers": 1,
				"lightMask": 19,
				"shadowMask": 3,
				"ghostShadows": false,
				"floorModel": false,
				"terrainBlendEnableYUpBlend": false,
				"terrainBlendMode": 1
			}]
		}, {
			"type": "Entity",
			"name": "entity_special2_med",
			"id": 2298753832,
			"components": [{
				"type": "UnitPartComponent",
				"name": "component_part_special2_med",
				"part": "special2",
				"variant": "med"
			}, {
				"type": "ModelDefinitionComponent",
				"name": "component_model_special2_med",
				"filename": "data/hd/character/player/assassin/special2_med.model",
				"visibleLayers": 1,
				"lightMask": 19,
				"shadowMask": 3,
				"ghostShadows": false,
				"floorModel": false,
				"terrainBlendEnableYUpBlend": false,
				"terrainBlendMode": 1
			}]
		}, {
			"type": "Entity",
			"name": "entity_special2_hvy",
			"id": 571394744,
			"components": [{
				"type": "UnitPartComponent",
				"name": "component_part_special2_hvy",
				"part": "special2",
				"variant": "hvy"
			}, {
				"type": "ModelDefinitionComponent",
				"name": "component_model_special2_hvy",
				"filename": "data/hd/character/player/assassin/special2_hvy.model",
				"visibleLayers": 1,
				"lightMask": 19,
				"shadowMask": 3,
				"ghostShadows": false,
				"floorModel": false,
				"terrainBlendEnableYUpBlend": false,
				"terrainBlendMode": 1
			}]
		},
		{
			"type": "Entity",
			"name": "entity_pointlight",
			"id": 2353308128,
			"components": [{
					"type": "TransformDefinitionComponent",
					"name": "entity_torso_TransformDefinition",
					"position": {
						"x": 0.0,
						"y": 50.0,
						"z": 0.0
					},
					"orientation": {
						"x": 0.0,
						"y": 0.0,
						"z": 0.0,
						"w": 1.0
					},
					"scale": {
						"x": 1.0,
						"y": 1.0,
						"z": 1.0
					},
					"inheritOnlyPosition": false
				},
				{
					"type": "PointLightDefinitionComponent",
					"name": "white_light",
					"color": {
						"x": 1.0,
						"y": 1.0,
						"z": 1.0
					},
					"power": 25000.0,
					"radius": 2000.0,
					"attenuation": 1.0,
					"lightMask": 1,
					"diffuseContribution": 1.0,
					"specularContribution": 1.0,
					"isLocalLight": false
				}
			]
		}
	]
}