{
	"dependencies": {
		"particles": [],
		"models": [{
			"path": "data/hd/character/player/necromancer/head.model"
		}, {
			"path": "data/hd/character/player/necromancer/larm_hvy.model"
		}, {
			"path": "data/hd/character/player/necromancer/larm_lit.model"
		}, {
			"path": "data/hd/character/player/necromancer/larm_med.model"
		}, {
			"path": "data/hd/character/player/necromancer/legs_hvy.model"
		}, {
			"path": "data/hd/character/player/necromancer/legs_lit.model"
		}, {
			"path": "data/hd/character/player/necromancer/legs_med.model"
		}, {
			"path": "data/hd/character/player/necromancer/rarm_hvy.model"
		}, {
			"path": "data/hd/character/player/necromancer/rarm_lit.model"
		}, {
			"path": "data/hd/character/player/necromancer/rarm_med.model"
		}, {
			"path": "data/hd/character/player/necromancer/special1_hvy.model"
		}, {
			"path": "data/hd/character/player/necromancer/special1_lit.model"
		}, {
			"path": "data/hd/character/player/necromancer/special1_med.model"
		}, {
			"path": "data/hd/character/player/necromancer/special2_hvy.model"
		}, {
			"path": "data/hd/character/player/necromancer/special2_lit.model"
		}, {
			"path": "data/hd/character/player/necromancer/special2_med.model"
		}, {
			"path": "data/hd/character/player/necromancer/torso_hvy.model"
		}, {
			"path": "data/hd/character/player/necromancer/torso_lit.model"
		}, {
			"path": "data/hd/character/player/necromancer/torso_med.model"
		}],
		"skeletons": [{
			"path": "data/hd/character/player/necromancer/skeleton/necromancer.skeleton"
		}],
		"animations": [],
		"textures": [{
			"path": "data/hd/character/common/common_hair1_FLOW.texture"
		}, {
			"path": "data/hd/character/common/common_hair1_HRT.texture"
		}, {
			"path": "data/hd/character/common/common_ktint.texture"
		}, {
			"path": "data/hd/character/player/necromancer/textures/Necro_Armor_ALB.texture"
		}, {
			"path": "data/hd/character/player/necromancer/textures/Necro_Armor_mask.texture"
		}, {
			"path": "data/hd/character/player/necromancer/textures/Necro_Armor_NRM.texture"
		}, {
			"path": "data/hd/character/player/necromancer/textures/Necro_Armor_ORM.texture"
		}, {
			"path": "data/hd/character/player/necromancer/textures/necro_armorhvy_alb.texture"
		}, {
			"path": "data/hd/character/player/necromancer/textures/necro_armorhvy_mask.texture"
		}, {
			"path": "data/hd/character/player/necromancer/textures/necro_armorhvy_nrm.texture"
		}, {
			"path": "data/hd/character/player/necromancer/textures/necro_armorhvy_orm.texture"
		}, {
			"path": "data/hd/character/player/necromancer/textures/necro_armormed_alb.texture"
		}, {
			"path": "data/hd/character/player/necromancer/textures/Necro_armormed_mask.texture"
		}, {
			"path": "data/hd/character/player/necromancer/textures/necro_armormed_nrm.texture"
		}, {
			"path": "data/hd/character/player/necromancer/textures/necro_armormed_orm.texture"
		}, {
			"path": "data/hd/character/player/necromancer/textures/Necro_Body_alb.texture"
		}, {
			"path": "data/hd/character/player/necromancer/textures/Necro_Body_nrm.texture"
		}, {
			"path": "data/hd/character/player/necromancer/textures/Necro_Body_orm.texture"
		}, {
			"path": "data/hd/character/player/necromancer/textures/Necro_Body_SSS.texture"
		}, {
			"path": "data/hd/character/player/necromancer/textures/Necro_Hair_ALB.texture"
		}, {
			"path": "data/hd/character/player/necromancer/textures/Necro_Head_alb.texture"
		}, {
			"path": "data/hd/character/player/necromancer/textures/Necro_Head_nrm.texture"
		}, {
			"path": "data/hd/character/player/necromancer/textures/Necro_Head_orm.texture"
		}, {
			"path": "data/hd/character/player/necromancer/textures/Necro_Head_SSS.texture"
		}],
		"physics": [],
		"json": [{
			"path": "data/hd/character/enemy/bloodgolem.json"
		}, {
			"path": "data/hd/character/enemy/claygolem.json"
		}, {
			"path": "data/hd/character/enemy/firegolem.json"
		}, {
			"path": "data/hd/character/enemy/irongolem.json"
		}, {
			"path": "data/hd/character/enemy/necromage.json"
		}, {
			"path": "data/hd/character/enemy/necroskeleton.json"
		}, {
			"path": "data/hd/character/player/necromancer/necromancer_state_machine.json"
		}, {
			"path": "data/hd/missiles/bone_spear.json"
		}, {
			"path": "data/hd/missiles/bone_spear_trail.json"
		}, {
			"path": "data/hd/missiles/bone_spirit.json"
		}, {
			"path": "data/hd/missiles/bone_spirit_explode.json"
		}, {
			"path": "data/hd/missiles/corpse_explode_guts.json"
		}, {
			"path": "data/hd/missiles/poison_nova.json"
		}, {
			"path": "data/hd/missiles/poison_smoke_puff.json"
		}, {
			"path": "data/hd/missiles/poison_sparks.json"
		}, {
			"path": "data/hd/missiles/teeth_missile.json"
		}, {
			"path": "data/hd/missiles/teethexplode.json"
		}, {
			"path": "data/hd/overlays/common/curseamplifydamage.json"
		}, {
			"path": "data/hd/overlays/common/curseattract.json"
		}, {
			"path": "data/hd/overlays/common/curseconfuse.json"
		}, {
			"path": "data/hd/overlays/common/cursedecrepify.json"
		}, {
			"path": "data/hd/overlays/common/cursedimvision.json"
		}, {
			"path": "data/hd/overlays/common/curseironmaiden.json"
		}, {
			"path": "data/hd/overlays/common/curselowerresist.json"
		}, {
			"path": "data/hd/overlays/common/cursereversevampire.json"
		}, {
			"path": "data/hd/overlays/common/curseterror.json"
		}, {
			"path": "data/hd/overlays/common/curseweaken.json"
		}, {
			"path": "data/hd/overlays/common/steallife.json"
		}, {
			"path": "data/hd/overlays/necro/bonearmor_back.json"
		}, {
			"path": "data/hd/overlays/necro/bonearmor_cast.json"
		}, {
			"path": "data/hd/overlays/necro/bonearmor_front.json"
		}, {
			"path": "data/hd/overlays/necro/bonearmor_null_1.json"
		}, {
			"path": "data/hd/overlays/necro/bonearmor_null_2.json"
		}, {
			"path": "data/hd/overlays/paladin/aura_thorns_back.json"
		}, {
			"path": "data/hd/overlays/paladin/aura_thorns_front.json"
		}],
		"variantdata": [],
		"objecteffects": [],
		"other": []
	},
	"type": "UnitDefinition",
	"name": "necromancer",
	"entities": [{
		"type": "Entity",
		"name": "entity_root",
		"id": 3469102202,
		"components": [{
			"type": "UnitRootComponent",
			"name": "component_root",
			"state_machine_filename": "data/hd/character/player/necromancer/necromancer_state_machine.json",
			"doNotInheritRotation": false,
			"rotationOverride": {
				"x": 0.0,
				"y": 0.3826834,
				"z": 0.0,
				"w": 0.9238795
			},
			"doNotUseHDHeight": false,
			"hideAllMeshWhenInOpenedMode": false,
			"onCreateEventName": "",
			"animations": []
		}, {
			"type": "SkeletonDefinitionComponent",
			"name": "component_skeleton",
			"filename": "data/hd/character/player/necromancer/skeleton/necromancer.skeleton"
		}, {
			"type": "DefinitionPreloadComponent",
			"name": "Root_DefinitionPreloadComponent",
			"missiles": [{
				"type": "UnitDefinitionListEntry",
				"name": "Root_UnitDefinitionList_Entry1",
				"filename": "data/hd/missiles/poison_sparks.json"
			}, {
				"type": "UnitDefinitionListEntry",
				"name": "Root_UnitDefinitionList_Entry2",
				"filename": "data/hd/missiles/bone_spirit.json"
			}, {
				"type": "UnitDefinitionListEntry",
				"name": "Root_UnitDefinitionList_Entry3",
				"filename": "data/hd/missiles/bone_spear_trail.json"
			}, {
				"type": "UnitDefinitionListEntry",
				"name": "Root_UnitDefinitionList_Entry4",
				"filename": "data/hd/missiles/poison_nova.json"
			}, {
				"type": "UnitDefinitionListEntry",
				"name": "Root_UnitDefinitionList_Entry5",
				"filename": "data/hd/missiles/bone_spear.json"
			}, {
				"type": "UnitDefinitionListEntry",
				"name": "Root_UnitDefinitionList_Entry6",
				"filename": "data/hd/missiles/corpse_explode_guts.json"
			}, {
				"type": "UnitDefinitionListEntry",
				"name": "Root_UnitDefinitionList_Entry7",
				"filename": "data/hd/missiles/bone_spirit_explode.json"
			}, {
				"type": "UnitDefinitionListEntry",
				"name": "Root_UnitDefinitionList_Entry8",
				"filename": "data/hd/missiles/poison_smoke_puff.json"
			}, {
				"type": "UnitDefinitionListEntry",
				"name": "Root_UnitDefinitionList_Entry9",
				"filename": "data/hd/missiles/teethexplode.json"
			}, {
				"type": "UnitDefinitionListEntry",
				"name": "Root_UnitDefinitionList_Entry10",
				"filename": "data/hd/missiles/teeth_missile.json"
			}],
			"overlays": [{
				"type": "OverlayDefinitionListEntry",
				"name": "Root_OverlayDefinitionList_Entry1",
				"filename": "data/hd/overlays/necro/bonearmor_cast.json"
			}, {
				"type": "OverlayDefinitionListEntry",
				"name": "Root_OverlayDefinitionList_Entry2",
				"filename": "data/hd/overlays/common/curseconfuse.json"
			}, {
				"type": "OverlayDefinitionListEntry",
				"name": "Root_OverlayDefinitionList_Entry3",
				"filename": "data/hd/overlays/paladin/aura_thorns_front.json"
			}, {
				"type": "OverlayDefinitionListEntry",
				"name": "Root_OverlayDefinitionList_Entry4",
				"filename": "data/hd/overlays/common/cursereversevampire.json"
			}, {
				"type": "OverlayDefinitionListEntry",
				"name": "Root_OverlayDefinitionList_Entry5",
				"filename": "data/hd/overlays/common/curseattract.json"
			}, {
				"type": "OverlayDefinitionListEntry",
				"name": "Root_OverlayDefinitionList_Entry6",
				"filename": "data/hd/overlays/common/steallife.json"
			}, {
				"type": "OverlayDefinitionListEntry",
				"name": "Root_OverlayDefinitionList_Entry7",
				"filename": "data/hd/overlays/common/curseweaken.json"
			}, {
				"type": "OverlayDefinitionListEntry",
				"name": "Root_OverlayDefinitionList_Entry8",
				"filename": "data/hd/overlays/common/curselowerresist.json"
			}, {
				"type": "OverlayDefinitionListEntry",
				"name": "Root_OverlayDefinitionList_Entry9",
				"filename": "data/hd/overlays/common/cursedecrepify.json"
			}, {
				"type": "OverlayDefinitionListEntry",
				"name": "Root_OverlayDefinitionList_Entry10",
				"filename": "data/hd/overlays/paladin/aura_thorns_back.json"
			}, {
				"type": "OverlayDefinitionListEntry",
				"name": "Root_OverlayDefinitionList_Entry11",
				"filename": "data/hd/overlays/common/cursedimvision.json"
			}, {
				"type": "OverlayDefinitionListEntry",
				"name": "Root_OverlayDefinitionList_Entry12",
				"filename": "data/hd/overlays/necro/bonearmor_front.json"
			}, {
				"type": "OverlayDefinitionListEntry",
				"name": "Root_OverlayDefinitionList_Entry13",
				"filename": "data/hd/overlays/necro/bonearmor_null_1.json"
			}, {
				"type": "OverlayDefinitionListEntry",
				"name": "Root_OverlayDefinitionList_Entry14",
				"filename": "data/hd/overlays/necro/bonearmor_null_2.json"
			}, {
				"type": "OverlayDefinitionListEntry",
				"name": "Root_OverlayDefinitionList_Entry15",
				"filename": "data/hd/overlays/common/curseterror.json"
			}, {
				"type": "OverlayDefinitionListEntry",
				"name": "Root_OverlayDefinitionList_Entry16",
				"filename": "data/hd/overlays/common/curseironmaiden.json"
			}, {
				"type": "OverlayDefinitionListEntry",
				"name": "Root_OverlayDefinitionList_Entry17",
				"filename": "data/hd/overlays/necro/bonearmor_back.json"
			}, {
				"type": "OverlayDefinitionListEntry",
				"name": "Root_OverlayDefinitionList_Entry18",
				"filename": "data/hd/overlays/common/curseamplifydamage.json"
			}],
			"minions": [{
				"type": "UnitDefinitionListEntry",
				"name": "Root_DefinitionPreloadComponent_minions_0",
				"filename": "data/hd/character/enemy/necroskeleton.json"
			}, {
				"type": "UnitDefinitionListEntry",
				"name": "Root_DefinitionPreloadComponent_minions_1",
				"filename": "data/hd/character/enemy/necromage.json"
			}, {
				"type": "UnitDefinitionListEntry",
				"name": "Root_DefinitionPreloadComponent_minions_2",
				"filename": "data/hd/character/enemy/bloodgolem.json"
			}, {
				"type": "UnitDefinitionListEntry",
				"name": "Root_DefinitionPreloadComponent_minions_3",
				"filename": "data/hd/character/enemy/irongolem.json"
			}, {
				"type": "UnitDefinitionListEntry",
				"name": "Root_DefinitionPreloadComponent_minions_4",
				"filename": "data/hd/character/enemy/firegolem.json"
			}, {
				"type": "UnitDefinitionListEntry",
				"name": "Root_DefinitionPreloadComponent_minions_5",
				"filename": "data/hd/character/enemy/claygolem.json"
			}]
		}, {
			"type": "DefaultAttachmentTransformComponent",
			"name": "entity_root_DefaultAttachmentTransform",
			"defaultTransforms": {
				"7": {
					"type": "Transform",
					"name": "entity_root_DefaultAttachmentTransform_defaultTransforms_Shield",
					"translation": {
						"x": 0.0,
						"y": 0.0,
						"z": -0.1
					},
					"rotation": {
						"x": 0.0,
						"y": -2.0,
						"z": 0.0
					},
					"scale": {
						"x": 0.87,
						"y": 0.87,
						"z": 0.87
					}
				},
				"5": {
					"type": "Transform",
					"name": "entity_root_DefaultAttachmentTransform_defaultTransforms_Right_Hand",
					"translation": {
						"x": 0.0,
						"y": 0.0,
						"z": 0.0
					},
					"rotation": {
						"x": 0.0,
						"y": 0.0,
						"z": 0.0
					},
					"scale": {
						"x": 0.87,
						"y": 0.87,
						"z": 0.87
					}
				},
				"6": {
					"type": "Transform",
					"name": "entity_root_DefaultAttachmentTransform_defaultTransforms_Left_Hand",
					"translation": {
						"x": 0.0,
						"y": 0.0,
						"z": 0.0
					},
					"rotation": {
						"x": 0.0,
						"y": 0.0,
						"z": 0.0
					},
					"scale": {
						"x": 0.87,
						"y": 0.87,
						"z": 0.87
					}
				},
				"0": {
					"type": "Transform",
					"name": "entity_root_DefaultAttachmentTransform_defaultTransforms_Head",
					"translation": {
						"x": 0.0,
						"y": 0.06,
						"z": 0.02
					},
					"rotation": {
						"x": 0.0,
						"y": 0.0,
						"z": 0.0
					},
					"scale": {
						"x": 0.85,
						"y": 0.9,
						"z": 0.9
					}
				}
			}
		}, {
			"type": "TraversalAnimationComponent",
			"name": "entity_root_TraversalAnimation",
			"runTurnRateControllerMin": 180.0,
			"runTurnRateControllerMax": 1080.0,
			"walkTurnRateControllerMin": 180.0,
			"walkTurnRateControllerMax": 1080.0,
			"runTurnRateMouseMin": 30.0,
			"runTurnRateMouseMax": 1080.0,
			"walkTurnRateMouseMin": 30.0,
			"walkTurnRateMouseMax": 1080.0,
			"fineTurnAngle": 30.0,
			"fineTurnDamping": 0.4,
			"runTurn180AngleThresholdController": 100.0,
			"runTurn180AngleThresholdMouse": 110.0,
			"runTurn180CooldownTime": 0.1,
			"runTurn180StopInterruptableTime": 0.25,
			"runTurn180RotationLockTime": 0.1,
			"runTurn180NoiseProtectionAngleThreshold": 30.0,
			"runTurn180CWAnimation": "Run_Turn_180_CW",
			"runTurn180CCWAnimation": "Run_Turn_180_CCW",
			"runTurn180CWTownAnimation": "Run_Turn_180_CW",
			"runTurn180CCWTownAnimation": "Run_Turn_180_CCW",
			"runStartAnimation": "Run_Start",
			"runStopAnimation": "Run_Stop",
			"runStartTownAnimation": "Run_Start",
			"runStopTownAnimation": "Run_Stop_Town",
			"runStopRequiredTimeRunning": 0.1,
			"walkToStartRunInterruptWindow": 0.25,
			"stopToStartRunSkipWindow": 0.25
		}, {
			"type": "IKComponent",
			"name": "entity_root_IK",
			"preset": {
				"type": "IKPreset",
				"name": "Default_Biped_VV",
				"footIKSetup": [{
					"type": "FootIKSetup",
					"name": "Default_Biped_VV_footIKSetup_0",
					"footBoneName": "R_Foot",
					"kneeBoneName": "R_Calf",
					"hipBoneName": "R_Thigh",
					"locationTrackName": "R_IK_position",
					"enabledTrackName": "R_FKIK",
					"hyperExtensionStart": 0.0,
					"hyperExtensionScale": 1.0,
					"defaultEnabled": false,
					"kneeRotationAxis": 2,
					"flipKneeRotationAxis": false
				}, {
					"type": "FootIKSetup",
					"name": "Default_Biped_VV_footIKSetup_1",
					"footBoneName": "L_Foot",
					"kneeBoneName": "L_Calf",
					"hipBoneName": "L_Thigh",
					"locationTrackName": "L_IK_position",
					"enabledTrackName": "L_FKIK",
					"hyperExtensionStart": 0.0,
					"hyperExtensionScale": 1.0,
					"defaultEnabled": false,
					"kneeRotationAxis": 2,
					"flipKneeRotationAxis": false
				}]
			}
		}, {
			"type": "TransformDefinitionComponent",
			"name": "entity_root_TransformDefinition",
			"position": {
				"x": 0.0,
				"y": 0.0,
				"z": 0.0
			},
			"orientation": {
				"x": 0.0,
				"y": 0.0,
				"z": 0.0,
				"w": 1.0
			},
			"scale": {
				"x": 0.93,
				"y": 0.93,
				"z": 0.93
			},
			"inheritOnlyPosition": false
		}, {
			"type": "EquipmentAnimationLayersComponent",
			"name": "entity_root_EquipmentAnimationLayers",
			"equipmentLayers": [{
				"type": "EquipmentLayerSetup",
				"name": "entity_root_EquipmentAnimationLayers_equipmentLayers_0",
				"layerName": "ShieldEquipLayer",
				"animationStateName": "ShieldAdditiveLayer"
			}]
		}, {
			"type": "FidgetAnimationComponent",
			"name": "entity_root_FidgetAnimation",
			"neutralSet": {
				"type": "FidgetAnimationSet",
				"name": "entity_root_FidgetAnimation_neutralSet",
				"options": [{
					"type": "FidgetAnimationOption",
					"name": "entity_root_FidgetAnimation_neutralSet_options_0",
					"stateName": "Fidget01",
					"weight": 1.0,
					"cooldownMin": 0.0,
					"cooldownMax": 0.0
				}, {
					"type": "FidgetAnimationOption",
					"name": "entity_root_FidgetAnimation_neutralSet_options_1",
					"stateName": "Fidget02",
					"weight": 1.0,
					"cooldownMin": 0.0,
					"cooldownMax": 0.0
				}],
				"firstFidgetDelayMin": 5.0,
				"firstFidgetDelayMax": 7.0,
				"subsequentFidgetDelayMin": 2.0,
				"subsequentFidgetDelayMax": 5.0
			},
			"townNeutralSet": {
				"type": "FidgetAnimationSet",
				"name": "entity_root_FidgetAnimation_townNeutralSet",
				"options": [{
					"type": "FidgetAnimationOption",
					"name": "entity_root_FidgetAnimation_townNeutralSet_options_0",
					"stateName": "Townfidget01",
					"weight": 15.0,
					"cooldownMin": 0.0,
					"cooldownMax": 0.0
				}, {
					"type": "FidgetAnimationOption",
					"name": "entity_root_FidgetAnimation_townNeutralSet_options_1",
					"stateName": "Townfidget02",
					"weight": 10.0,
					"cooldownMin": 0.0,
					"cooldownMax": 0.0
				}, {
					"type": "FidgetAnimationOption",
					"name": "entity_root_FidgetAnimation_townNeutralSet_options_2",
					"stateName": "Townfidget03",
					"weight": 20.0,
					"cooldownMin": 0.0,
					"cooldownMax": 0.0
				}],
				"firstFidgetDelayMin": 5.0,
				"firstFidgetDelayMax": 7.0,
				"subsequentFidgetDelayMin": 2.0,
				"subsequentFidgetDelayMax": 5.0
			},
			"frontendSet": {
				"type": "FidgetAnimationSet",
				"name": "entity_root_FidgetAnimation_frontendSet",
				"options": [{
					"type": "FidgetAnimationOption",
					"name": "entity_root_FidgetAnimation_frontendSet_options_0",
					"stateName": "Townfidget01",
					"weight": 15.0,
					"cooldownMin": 0.0,
					"cooldownMax": 0.0
				}, {
					"type": "FidgetAnimationOption",
					"name": "entity_root_FidgetAnimation_frontendSet_options_1",
					"stateName": "Townfidget02",
					"weight": 10.0,
					"cooldownMin": 0.0,
					"cooldownMax": 0.0
				}, {
					"type": "FidgetAnimationOption",
					"name": "entity_root_FidgetAnimation_frontendSet_options_2",
					"stateName": "Townfidget03",
					"weight": 20.0,
					"cooldownMin": 0.0,
					"cooldownMax": 0.0
				}],
				"firstFidgetDelayMin": 1.0,
				"firstFidgetDelayMax": 3.0,
				"subsequentFidgetDelayMin": 2.0,
				"subsequentFidgetDelayMax": 5.0
			},
			"characterSelectSet": {
				"type": "FidgetAnimationSet",
				"name": "entity_root_FidgetAnimation_characterSelectSet",
				"options": [{
					"type": "FidgetAnimationOption",
					"name": "entity_root_FidgetAnimation_characterSelectSet_options_0",
					"stateName": "CE_Fidget01",
					"weight": 3.0,
					"cooldownMin": 0.0,
					"cooldownMax": 0.0
				}, {
					"type": "FidgetAnimationOption",
					"name": "entity_root_FidgetAnimation_characterSelectSet_options_1",
					"stateName": "CE_Fidget02",
					"weight": 1.0,
					"cooldownMin": 0.0,
					"cooldownMax": 0.0
				}],
				"firstFidgetDelayMin": 1.0,
				"firstFidgetDelayMax": 7.0,
				"subsequentFidgetDelayMin": 3.0,
				"subsequentFidgetDelayMax": 12.0
			}
		}, {
			"type": "AimLayersComponent",
			"name": "entity_root_AimLayers",
			"aimLayers": [{
				"type": "AimLayerSetup",
				"name": "entity_root_AimLayers_aimLayers_0",
				"layerName": "Aim_Head",
				"yawAnimationState": "HeadAimLayer_Yaw",
				"yawOutOfRangeBehavior": 2,
				"yawAngleOffset": 0.0,
				"pitchAnimationState": "HeadAimLayer_Pitch",
				"pitchOutOfRangeBehavior": 0,
				"pitchAngleOffset": 0.0,
				"aimLocationTrackName": "aim_location",
				"aimDampingFactor": 0.15,
				"aimTarget": 2
			}, {
				"type": "AimLayerSetup",
				"name": "entity_root_AimLayers_aimLayers_1",
				"layerName": "Aim_Melee",
				"yawAnimationState": "",
				"yawOutOfRangeBehavior": 2,
				"yawAngleOffset": 0.0,
				"pitchAnimationState": "MeleeAimLayer",
				"pitchOutOfRangeBehavior": 0,
				"pitchAngleOffset": 0.0,
				"aimLocationTrackName": "aim_location",
				"aimDampingFactor": 0.3,
				"aimTarget": 1
			}, {
				"type": "AimLayerSetup",
				"name": "entity_root_AimLayers_aimLayers_2",
				"layerName": "Aim_Head_Town",
				"yawAnimationState": "HeadAimLayer_Yaw_Town",
				"yawOutOfRangeBehavior": 2,
				"yawAngleOffset": 0.0,
				"pitchAnimationState": "HeadAimLayer_Pitch_Town",
				"pitchOutOfRangeBehavior": 0,
				"pitchAngleOffset": 0.0,
				"aimLocationTrackName": "aim_location",
				"aimDampingFactor": 0.15,
				"aimTarget": 2
			}]
		}, {
			"type": "LookAtAnimationControlComponent",
			"name": "entity_root_LookAtAnimationControl",
			"controlOverrides": [{
				"type": "LookAtControlSetup",
				"name": "entity_root_LookAtAnimationControl_controlOverrides_0",
				"mode": 5,
				"aimLayerName": "Aim_Head_Town",
				"blendInTime": 0.25,
				"blendOutTime": 0.25
			}, {
				"type": "LookAtControlSetup",
				"name": "entity_root_LookAtAnimationControl_controlOverrides_1",
				"mode": 6,
				"aimLayerName": "Aim_Head_Town",
				"blendInTime": 0.25,
				"blendOutTime": 0.25
			}],
			"aimLayerName": "Aim_Head",
			"blendInTime": 0.25,
			"blendOutTime": 0.25
		}]
	}, {
		"type": "Entity",
		"name": "entity_head",
		"id": 418728692,
		"components": [{
			"type": "ModelDefinitionComponent",
			"name": "component_model_head",
			"filename": "data/hd/character/player/necromancer/head.model",
			"visibleLayers": 33,
			"lightMask": 19,
			"shadowMask": 3,
			"ghostShadows": false,
			"floorModel": false,
			"terrainBlendEnableYUpBlend": false,
			"terrainBlendMode": 1
		}]
	}, {
		"type": "Entity",
		"name": "entity_torso_lit",
		"id": 803317690,
		"components": [{
			"type": "UnitPartComponent",
			"name": "component_part_torso_lit",
			"part": "torso",
			"variant": "lit"
		}, {
			"type": "ModelDefinitionComponent",
			"name": "component_model_torso_lit",
			"filename": "data/hd/character/player/necromancer/torso_lit.model",
			"visibleLayers": 1,
			"lightMask": 19,
			"shadowMask": 3,
			"ghostShadows": false,
			"floorModel": false,
			"terrainBlendEnableYUpBlend": false,
			"terrainBlendMode": 1
		}]
	}, {
		"type": "Entity",
		"name": "entity_torso_med",
		"id": 1675418738,
		"components": [{
			"type": "UnitPartComponent",
			"name": "component_part_torso_med",
			"part": "torso",
			"variant": "med"
		}, {
			"type": "ModelDefinitionComponent",
			"name": "component_model_torso_med",
			"filename": "data/hd/character/player/necromancer/torso_med.model",
			"visibleLayers": 1,
			"lightMask": 19,
			"shadowMask": 3,
			"ghostShadows": false,
			"floorModel": false,
			"terrainBlendEnableYUpBlend": false,
			"terrainBlendMode": 1
		}]
	}, {
		"type": "Entity",
		"name": "entity_torso_hvy",
		"id": 254096941,
		"components": [{
			"type": "UnitPartComponent",
			"name": "component_part_torso_hvy",
			"part": "torso",
			"variant": "hvy"
		}, {
			"type": "ModelDefinitionComponent",
			"name": "component_model_torso_hvy",
			"filename": "data/hd/character/player/necromancer/torso_hvy.model",
			"visibleLayers": 1,
			"lightMask": 19,
			"shadowMask": 3,
			"ghostShadows": false,
			"floorModel": false,
			"terrainBlendEnableYUpBlend": false,
			"terrainBlendMode": 1
		}]
	}, {
		"type": "Entity",
		"name": "entity_legs_lit",
		"id": 4083075895,
		"components": [{
			"type": "UnitPartComponent",
			"name": "component_part_legs_lit",
			"part": "legs",
			"variant": "lit"
		}, {
			"type": "ModelDefinitionComponent",
			"name": "component_model_legs_lit",
			"filename": "data/hd/character/player/necromancer/legs_lit.model",
			"visibleLayers": 1,
			"lightMask": 19,
			"shadowMask": 3,
			"ghostShadows": false,
			"floorModel": false,
			"terrainBlendEnableYUpBlend": false,
			"terrainBlendMode": 1
		}]
	}, {
		"type": "Entity",
		"name": "entity_legs_med",
		"id": 643367151,
		"components": [{
			"type": "UnitPartComponent",
			"name": "component_part_legs_med",
			"part": "legs",
			"variant": "med"
		}, {
			"type": "ModelDefinitionComponent",
			"name": "component_model_legs_med",
			"filename": "data/hd/character/player/necromancer/legs_med.model",
			"visibleLayers": 1,
			"lightMask": 19,
			"shadowMask": 3,
			"ghostShadows": false,
			"floorModel": false,
			"terrainBlendEnableYUpBlend": false,
			"terrainBlendMode": 1
		}]
	}, {
		"type": "Entity",
		"name": "entity_legs_hvy",
		"id": 3550632618,
		"components": [{
			"type": "UnitPartComponent",
			"name": "component_part_legs_hvy",
			"part": "legs",
			"variant": "hvy"
		}, {
			"type": "ModelDefinitionComponent",
			"name": "component_model_legs_hvy",
			"filename": "data/hd/character/player/necromancer/legs_hvy.model",
			"visibleLayers": 1,
			"lightMask": 19,
			"shadowMask": 3,
			"ghostShadows": false,
			"floorModel": false,
			"terrainBlendEnableYUpBlend": false,
			"terrainBlendMode": 1
		}]
	}, {
		"type": "Entity",
		"name": "entity_rarm_lit",
		"id": 2047911477,
		"components": [{
			"type": "UnitPartComponent",
			"name": "component_part_rarm_lit",
			"part": "rarm",
			"variant": "lit"
		}, {
			"type": "ModelDefinitionComponent",
			"name": "component_model_rarm_lit",
			"filename": "data/hd/character/player/necromancer/rarm_lit.model",
			"visibleLayers": 1,
			"lightMask": 19,
			"shadowMask": 3,
			"ghostShadows": false,
			"floorModel": false,
			"terrainBlendEnableYUpBlend": false,
			"terrainBlendMode": 1
		}]
	}, {
		"type": "Entity",
		"name": "entity_rarm_med",
		"id": 2903235309,
		"components": [{
			"type": "UnitPartComponent",
			"name": "component_part_rarm_med",
			"part": "rarm",
			"variant": "med"
		}, {
			"type": "ModelDefinitionComponent",
			"name": "component_model_rarm_med",
			"filename": "data/hd/character/player/necromancer/rarm_med.model",
			"visibleLayers": 1,
			"lightMask": 19,
			"shadowMask": 3,
			"ghostShadows": false,
			"floorModel": false,
			"terrainBlendEnableYUpBlend": false,
			"terrainBlendMode": 1
		}]
	}, {
		"type": "Entity",
		"name": "entity_rarm_hvy",
		"id": 1515467944,
		"components": [{
			"type": "UnitPartComponent",
			"name": "component_part_rarm_hvy",
			"part": "rarm",
			"variant": "hvy"
		}, {
			"type": "ModelDefinitionComponent",
			"name": "component_model_rarm_hvy",
			"filename": "data/hd/character/player/necromancer/rarm_hvy.model",
			"visibleLayers": 1,
			"lightMask": 19,
			"shadowMask": 3,
			"ghostShadows": false,
			"floorModel": false,
			"terrainBlendEnableYUpBlend": false,
			"terrainBlendMode": 1
		}]
	}, {
		"type": "Entity",
		"name": "entity_larm_lit",
		"id": 1823273017,
		"components": [{
			"type": "UnitPartComponent",
			"name": "component_part_larm_lit",
			"part": "larm",
			"variant": "lit"
		}, {
			"type": "ModelDefinitionComponent",
			"name": "component_model_larm_lit",
			"filename": "data/hd/character/player/necromancer/larm_lit.model",
			"visibleLayers": 1,
			"lightMask": 19,
			"shadowMask": 3,
			"ghostShadows": false,
			"floorModel": false,
			"terrainBlendEnableYUpBlend": false,
			"terrainBlendMode": 1
		}]
	}, {
		"type": "Entity",
		"name": "entity_larm_med",
		"id": 2678531570,
		"components": [{
			"type": "UnitPartComponent",
			"name": "component_part_larm_med",
			"part": "larm",
			"variant": "med"
		}, {
			"type": "ModelDefinitionComponent",
			"name": "component_model_larm_med",
			"filename": "data/hd/character/player/necromancer/larm_med.model",
			"visibleLayers": 1,
			"lightMask": 19,
			"shadowMask": 3,
			"ghostShadows": false,
			"floorModel": false,
			"terrainBlendEnableYUpBlend": false,
			"terrainBlendMode": 1
		}]
	}, {
		"type": "Entity",
		"name": "entity_larm_hvy",
		"id": 1290829741,
		"components": [{
			"type": "UnitPartComponent",
			"name": "component_part_larm_hvy",
			"part": "larm",
			"variant": "hvy"
		}, {
			"type": "ModelDefinitionComponent",
			"name": "component_model_larm_hvy",
			"filename": "data/hd/character/player/necromancer/larm_hvy.model",
			"visibleLayers": 1,
			"lightMask": 19,
			"shadowMask": 3,
			"ghostShadows": false,
			"floorModel": false,
			"terrainBlendEnableYUpBlend": false,
			"terrainBlendMode": 1
		}]
	}, {
		"type": "Entity",
		"name": "entity_special1_lit",
		"id": 901625322,
		"components": [{
			"type": "UnitPartComponent",
			"name": "component_part_special1_lit",
			"part": "special1",
			"variant": "lit"
		}, {
			"type": "ModelDefinitionComponent",
			"name": "component_model_special1_lit",
			"filename": "data/hd/character/player/necromancer/special1_lit.model",
			"visibleLayers": 1,
			"lightMask": 19,
			"shadowMask": 3,
			"ghostShadows": false,
			"floorModel": false,
			"terrainBlendEnableYUpBlend": false,
			"terrainBlendMode": 1
		}]
	}, {
		"type": "Entity",
		"name": "entity_special1_med",
		"id": 1433937783,
		"components": [{
			"type": "UnitPartComponent",
			"name": "component_part_special1_med",
			"part": "special1",
			"variant": "med"
		}, {
			"type": "ModelDefinitionComponent",
			"name": "component_model_special1_med",
			"filename": "data/hd/character/player/necromancer/special1_med.model",
			"visibleLayers": 1,
			"lightMask": 19,
			"shadowMask": 3,
			"ghostShadows": false,
			"floorModel": false,
			"terrainBlendEnableYUpBlend": false,
			"terrainBlendMode": 1
		}]
	}, {
		"type": "Entity",
		"name": "entity_special1_hvy",
		"id": 29458738,
		"components": [{
			"type": "UnitPartComponent",
			"name": "component_part_special1_hvy",
			"part": "special1",
			"variant": "hvy"
		}, {
			"type": "ModelDefinitionComponent",
			"name": "component_model_special1_hvy",
			"filename": "data/hd/character/player/necromancer/special1_hvy.model",
			"visibleLayers": 1,
			"lightMask": 19,
			"shadowMask": 3,
			"ghostShadows": false,
			"floorModel": false,
			"terrainBlendEnableYUpBlend": false,
			"terrainBlendMode": 1
		}]
	}, {
		"type": "Entity",
		"name": "entity_special2_lit",
		"id": 3161362664,
		"components": [{
			"type": "UnitPartComponent",
			"name": "component_part_special2_lit",
			"part": "special2",
			"variant": "lit"
		}, {
			"type": "ModelDefinitionComponent",
			"name": "component_model_special2_lit",
			"filename": "data/hd/character/player/necromancer/special2_lit.model",
			"visibleLayers": 1,
			"lightMask": 19,
			"shadowMask": 3,
			"ghostShadows": false,
			"floorModel": false,
			"terrainBlendEnableYUpBlend": false,
			"terrainBlendMode": 1
		}]
	}, {
		"type": "Entity",
		"name": "entity_special2_med",
		"id": 3693740405,
		"components": [{
			"type": "UnitPartComponent",
			"name": "component_part_special2_med",
			"part": "special2",
			"variant": "med"
		}, {
			"type": "ModelDefinitionComponent",
			"name": "component_model_special2_med",
			"filename": "data/hd/character/player/necromancer/special2_med.model",
			"visibleLayers": 1,
			"lightMask": 19,
			"shadowMask": 3,
			"ghostShadows": false,
			"floorModel": false,
			"terrainBlendEnableYUpBlend": false,
			"terrainBlendMode": 1
		}]
	}, {
		"type": "Entity",
		"name": "entity_special2_hvy",
		"id": 2289261360,
		"components": [{
			"type": "UnitPartComponent",
			"name": "component_part_special2_hvy",
			"part": "special2",
			"variant": "hvy"
		}, {
			"type": "ModelDefinitionComponent",
			"name": "component_model_special2_hvy",
			"filename": "data/hd/character/player/necromancer/special2_hvy.model",
			"visibleLayers": 1,
			"lightMask": 19,
			"shadowMask": 3,
			"ghostShadows": false,
			"floorModel": false,
			"terrainBlendEnableYUpBlend": false,
			"terrainBlendMode": 1
		}]
	},

    {
      "type": "Entity",
      "name": "entity_pointlight",
      "id": 2353308128,
      "components": [
        {"type": "TransformDefinitionComponent",
          "name": "entity_torso_TransformDefinition",
          "position":{"x": 0.0,"y": 50.0,"z": 0.0},
          "orientation":{"x": 0.0,"y": 0.0,"z": 0.0,"w": 1.0},
          "scale":{"x": 1.0,"y": 1.0,"z": 1.0},
          "inheritOnlyPosition": false
        },
        { "type": "PointLightDefinitionComponent",
          "name": "white_light",
          "color": {"x": 1.0,"y": 1.0,"z": 1.0},
          "power": 25000.0,
          "radius": 2000.0,
          "attenuation": 1.0,
          "lightMask": 1,
          "diffuseContribution": 1.0,
          "specularContribution": 1.0,
          "isLocalLight": false
        }]
    }
]
}